Puzzle ID,Cell 0,Cell 1,Cell 2,Cell 3,Cell 4,Cell 5,Cell 6,Cell 7,Cell 8,Cell 9,Cell 10,Cell 11,Cell 12,Cell 13,Cell 14,Cell 15
1,1,2,3,4,5,6,7,8,9,10,0,11,13,14,15,12
2,1,2,3,4,5,10,6,8,9,14,7,12,13,0,11,15
3,1,2,3,4,5,6,8,0,9,10,7,12,13,14,11,15
4,1,2,3,4,5,6,7,8,10,11,0,12,9,13,14,15
5,1,2,3,4,5,6,7,8,9,10,11,12,13,0,14,15
6,1,2,3,4,5,6,7,0,13,9,10,8,14,15,12,11
7,1,2,3,4,5,6,7,8,9,10,11,12,13,14,15,0
8,1,2,3,4,5,10,6,8,9,14,0,11,13,15,7,12
9,1,2,3,4,5,6,7,8,9,10,0,12,13,14,11,15
10,1,2,3,4,5,6,7,8,0,9,10,11,13,14,15,12
11,1,6,2,3,5,0,7,4,9,10,11,8,13,14,15,12
12,1,2,3,4,5,6,7,8,0,9,10,12,13,14,11,15
13,1,2,4,8,5,6,3,12,9,10,7,15,13,14,11,0
14,1,2,3,4,5,6,8,0,9,10,7,12,13,14,11,15
15,1,2,3,4,5,7,11,8,9,6,0,12,13,10,14,15
16,1,2,3,4,5,6,7,8,9,10,11,12,13,0,14,15
17,1,2,3,4,5,6,7,8,9,10,0,11,13,14,15,12
18,1,6,2,3,5,0,7,4,9,10,11,8,13,14,15,12
19,1,2,0,4,5,6,3,7,9,10,11,8,13,14,15,12
20,1,2,3,4,5,10,6,8,0,9,7,12,13,14,11,15
21,2,6,3,4,1,0,7,8,5,10,11,12,9,13,14,15
22,1,2,4,7,5,6,3,0,9,10,11,8,13,14,15,12
23,1,2,3,4,5,6,7,8,0,9,11,12,13,10,14,15
24,1,2,3,4,5,6,7,8,0,9,10,11,13,14,15,12
25,1,2,3,4,5,6,8,12,9,10,11,7,13,0,14,15
26,1,2,3,4,5,6,7,0,9,10,12,8,13,14,11,15
27,1,2,3,4,5,0,7,8,9,6,11,12,13,10,14,15
28,1,2,3,4,5,6,7,8,9,10,11,12,13,0,14,15
29,1,2,3,4,5,6,7,8,9,10,15,11,13,14,12,0
30,1,2,3,4,5,6,7,8,9,10,11,12,13,14,15,0
31,2,5,3,4,1,0,7,8,9,6,10,12,13,14,11,15
32,1,2,3,4,5,6,7,8,9,11,0,12,13,10,14,15
33,1,2,3,4,5,6,11,0,9,10,8,7,13,14,15,12
34,1,2,3,4,5,6,7,8,9,10,11,12,13,0,14,15
35,1,2,3,4,5,6,7,8,9,10,11,12,13,0,14,15
36,1,2,3,4,5,6,7,8,9,14,10,11,13,0,15,12
37,1,2,3,4,5,0,7,8,13,6,15,11,10,9,14,12
38,1,2,3,4,5,6,7,0,9,10,11,8,13,14,15,12
39,1,2,3,4,5,6,7,8,0,10,11,12,9,13,14,15
40,1,2,3,4,5,6,7,8,13,9,10,11,14,0,15,12
41,0,2,3,4,1,6,7,8,5,10,11,12,9,13,14,15
42,1,2,3,4,5,6,7,8,9,11,0,12,13,10,14,15
43,1,2,3,4,5,6,7,0,9,10,15,8,13,14,12,11
44,1,2,3,4,9,5,6,8,13,10,7,11,14,0,15,12
45,1,2,3,4,5,6,7,0,9,10,11,8,13,14,15,12
46,1,2,3,4,5,0,6,7,9,10,11,8,13,14,15,12
47,1,2,0,4,5,6,3,8,9,10,7,11,13,14,15,12
48,1,2,3,4,5,0,7,8,9,6,10,11,13,14,15,12
49,1,2,3,4,5,6,7,8,9,10,0,11,13,14,15,12
50,1,2,3,4,5,6,7,8,9,11,0,12,13,10,14,15
51,0,2,3,4,1,5,6,8,9,10,7,11,13,14,15,12
52,1,2,3,4,5,6,7,8,9,10,11,12,13,0,14,15
53,1,2,0,4,5,6,3,8,9,11,7,12,13,10,14,15
54,0,1,2,4,5,6,3,7,9,10,11,8,13,14,15,12
55,1,2,0,7,5,6,4,3,9,10,11,8,13,14,15,12
56,1,2,4,7,5,6,3,8,9,10,11,12,13,14,15,0
57,1,2,3,4,5,6,8,0,9,10,7,12,13,14,11,15
58,1,2,3,4,5,6,7,8,9,14,10,12,13,0,11,15
59,1,2,3,4,5,0,6,8,9,11,7,12,13,10,14,15
60,0,2,3,4,1,5,6,7,9,10,11,8,13,14,15,12
61,1,2,3,4,5,6,7,8,0,10,11,12,9,13,14,15
62,1,2,3,4,5,6,7,8,0,10,11,12,9,13,14,15
63,1,2,3,4,5,0,6,8,9,10,7,11,13,14,15,12
64,1,2,3,4,5,6,7,8,9,10,12,15,13,14,11,0
65,1,2,3,4,5,6,7,8,9,10,0,11,13,14,15,12
66,1,2,3,4,5,10,6,7,9,11,15,8,13,0,14,12
67,1,2,3,4,9,5,7,8,0,6,11,12,13,10,14,15
68,1,2,3,4,5,6,7,8,9,10,15,11,13,0,14,12
69,1,6,2,4,5,0,3,7,9,10,12,8,13,14,11,15
70,1,2,3,4,5,6,7,0,9,10,11,8,13,14,15,12
71,1,2,3,4,5,10,6,7,13,9,11,8,14,0,15,12
72,1,3,0,4,6,2,7,8,5,10,11,12,9,13,14,15
73,1,2,3,4,5,6,7,8,13,9,10,11,14,0,15,12
74,1,2,3,4,5,6,7,0,9,10,11,8,13,14,15,12
75,6,2,0,4,1,5,3,7,9,10,11,8,13,14,15,12
76,1,2,3,4,5,0,7,8,9,6,10,12,13,14,11,15
77,0,1,2,4,5,6,3,8,9,10,7,11,13,14,15,12
78,1,2,0,4,5,6,3,7,9,10,11,8,13,14,15,12
79,1,2,0,4,5,6,3,7,9,10,11,8,13,14,15,12
80,1,2,3,4,5,6,7,8,9,10,11,12,13,14,15,0
81,1,2,3,4,5,6,7,8,9,10,0,11,13,14,15,12
82,1,2,3,4,5,6,7,8,9,15,0,11,13,10,14,12
83,1,2,3,4,5,6,7,8,9,10,0,11,13,14,15,12
84,0,1,3,4,5,2,7,8,9,6,11,12,13,10,14,15
85,1,2,3,4,5,6,7,0,9,10,12,8,13,14,11,15
86,1,2,3,4,5,6,7,8,10,11,0,12,9,13,14,15
87,1,2,3,4,5,6,7,8,9,10,0,12,13,14,11,15
88,1,6,2,4,5,3,8,0,9,10,7,12,13,14,11,15
89,1,2,3,4,5,6,7,8,0,10,11,12,9,13,14,15
90,1,6,2,4,5,0,3,8,9,10,7,12,13,14,11,15
91,1,2,3,4,5,6,7,8,9,10,11,12,13,14,15,0
92,1,2,3,4,5,10,6,8,0,9,7,11,13,14,15,12
93,1,2,3,4,5,6,7,0,9,10,11,8,13,14,15,12
94,1,2,3,4,5,6,7,8,9,10,11,12,13,0,14,15
95,1,2,3,4,5,6,7,8,9,10,11,12,13,14,15,0
96,1,2,3,4,5,6,11,7,9,10,15,8,13,14,12,0
97,1,2,3,4,5,6,7,8,9,10,0,12,13,14,11,15
98,1,2,3,4,5,6,11,7,0,9,10,8,13,14,15,12
99,1,2,3,4,5,6,7,8,0,10,11,12,9,13,14,15
100,1,2,3,4,5,6,11,7,9,10,15,8,13,0,14,12
101,1,2,3,4,5,6,7,8,9,10,0,12,13,14,11,15
102,1,2,3,4,5,6,7,8,9,10,0,12,13,14,11,15
103,1,2,3,4,5,6,7,8,9,10,11,12,13,14,15,0
104,1,2,3,4,5,6,7,0,9,11,12,8,13,10,14,15
105,0,2,3,4,1,6,7,8,5,14,10,11,9,13,15,12
106,1,2,0,3,5,6,8,4,9,10,7,12,13,14,11,15
107,1,2,3,4,5,6,7,8,0,10,11,12,9,13,14,15
108,1,2,3,4,5,6,8,12,9,10,7,15,13,0,14,11
109,1,2,3,4,5,6,7,0,9,10,12,8,13,14,11,15
110,1,2,3,4,5,6,7,8,0,14,10,11,9,13,15,12
111,1,2,3,4,5,0,7,8,9,6,10,12,13,14,11,15
112,1,2,4,7,5,6,3,0,9,10,11,8,13,14,15,12
113,1,2,3,4,5,6,7,0,9,10,11,8,13,14,15,12
114,1,2,3,4,5,6,7,8,9,10,0,11,13,14,15,12
115,1,2,3,4,6,0,7,8,5,14,10,11,9,13,15,12
116,1,2,3,4,5,6,7,8,9,11,12,15,13,10,14,0
117,1,2,3,4,5,6,7,8,9,10,0,11,13,14,15,12
118,1,2,3,4,5,6,7,8,9,10,0,12,13,14,11,15
119,1,2,3,4,5,6,7,8,9,10,0,11,13,14,15,12
120,1,2,7,3,5,6,4,8,9,10,11,12,13,14,15,0
121,1,2,3,4,5,6,7,8,9,10,0,11,13,14,15,12
122,1,2,0,3,5,6,7,4,9,10,12,8,13,14,11,15
123,1,2,3,4,5,6,7,8,9,10,0,12,13,14,11,15
124,1,3,0,4,5,2,6,8,9,10,7,12,13,14,11,15
125,1,2,0,4,5,6,3,7,9,10,11,8,13,14,15,12
126,1,2,3,4,5,6,7,8,9,10,0,12,13,14,11,15
127,1,2,3,4,5,6,7,8,9,10,0,11,13,14,15,12
128,1,2,3,4,9,5,7,8,0,6,11,12,13,10,14,15
129,1,2,3,4,5,7,15,8,9,6,0,11,13,10,14,12
130,1,2,3,4,5,6,7,0,9,10,11,8,13,14,15,12
131,1,2,7,3,5,6,11,4,9,10,0,8,13,14,15,12
132,1,2,3,4,5,10,6,8,9,14,7,11,13,0,15,12
133,1,2,3,4,5,6,7,8,9,10,0,11,13,14,15,12
134,1,2,0,3,5,6,7,4,9,10,11,8,13,14,15,12
135,1,2,3,4,5,6,11,7,9,14,10,8,13,0,15,12
136,1,2,3,4,5,6,7,8,0,14,10,12,9,13,11,15
137,1,2,3,4,5,6,7,8,9,10,0,12,13,14,11,15
138,1,2,3,4,9,5,7,8,6,11,0,12,13,10,14,15
139,1,2,3,4,5,6,7,8,9,10,11,12,13,14,15,0
140,1,2,0,4,5,6,3,8,9,10,7,12,13,14,11,15
141,1,2,3,4,5,6,11,7,9,10,0,8,13,14,15,12
142,1,2,3,4,5,10,6,7,0,9,12,8,13,14,11,15
143,1,2,3,4,5,6,11,7,9,10,0,8,13,14,15,12
144,1,2,3,4,5,6,7,8,0,9,11,12,13,10,14,15
145,1,2,0,4,5,6,3,8,9,10,7,11,13,14,15,12
146,1,2,0,3,5,6,7,4,9,10,11,8,13,14,15,12
147,5,2,0,3,6,1,7,4,9,10,11,8,13,14,15,12
148,1,2,3,4,5,6,7,8,9,11,14,12,13,10,15,0
149,0,1,3,4,5,2,6,8,9,10,7,11,13,14,15,12
150,1,6,2,3,5,7,11,4,9,10,0,8,13,14,15,12
151,1,2,3,4,5,6,7,8,9,14,10,11,13,0,15,12
152,1,2,3,4,5,6,7,8,9,10,11,12,13,0,14,15
153,1,2,3,4,5,6,8,12,9,10,0,7,13,14,11,15
154,1,2,3,4,5,0,6,7,9,10,11,8,13,14,15,12
155,1,2,3,4,5,6,8,0,9,14,7,12,13,11,10,15
156,1,2,0,3,5,6,7,4,9,10,11,8,13,14,15,12
157,1,2,0,3,5,6,7,4,9,10,11,8,13,14,15,12
158,1,2,3,4,5,6,8,0,9,10,7,12,13,14,11,15
159,1,2,3,4,5,6,7,8,9,10,11,12,13,0,14,15
160,1,2,3,4,9,5,6,11,0,10,8,7,13,14,15,12
161,0,1,2,4,5,6,3,7,9,10,12,8,13,14,11,15
162,0,2,3,4,1,6,7,8,5,9,10,12,13,14,11,15
163,1,2,0,3,5,6,8,4,9,11,7,12,13,10,14,15
164,1,2,3,4,5,6,7,8,9,10,11,12,13,14,15,0
165,1,2,7,3,5,6,11,4,9,10,0,8,13,14,15,12
166,1,2,3,4,5,6,7,8,0,9,11,12,13,10,14,15
167,0,2,3,4,1,5,6,7,9,10,11,8,13,14,15,12
168,1,2,3,4,5,6,7,8,9,10,0,12,13,14,11,15
169,1,2,3,4,5,0,7,8,9,6,10,11,13,14,15,12
170,1,2,0,4,5,6,3,8,9,10,7,11,13,14,15,12
171,1,2,3,4,5,6,7,8,9,10,0,12,13,14,11,15
172,1,2,3,4,5,6,7,8,13,9,10,11,14,0,15,12
173,0,2,3,4,1,5,6,7,9,10,11,8,13,14,15,12
174,1,2,3,4,5,6,7,0,9,10,15,8,13,14,12,11
175,1,2,3,4,5,7,11,0,10,6,12,8,9,13,14,15
176,1,2,3,4,5,6,11,7,9,10,8,12,13,14,15,0
177,1,2,8,3,5,10,6,4,0,9,7,11,13,14,15,12
178,1,2,3,4,5,6,7,8,9,10,0,15,13,14,12,11
179,1,6,2,4,5,3,8,0,9,10,7,12,13,14,11,15
180,1,2,3,4,5,6,7,8,9,10,0,11,13,14,15,12
181,1,2,3,4,5,6,7,8,0,10,11,12,9,13,14,15
182,1,2,3,4,5,0,7,8,9,6,11,12,13,10,14,15
183,1,2,0,4,5,6,3,8,9,10,7,11,13,14,15,12
184,1,2,3,4,6,0,7,8,5,9,11,12,13,10,14,15
185,1,2,3,4,5,6,7,8,0,14,10,11,9,13,15,12
186,1,2,0,3,5,6,7,4,9,10,12,8,13,14,11,15
187,1,2,3,4,5,6,7,8,9,10,0,15,13,14,12,11
188,1,2,3,4,5,6,7,8,0,9,10,11,13,14,15,12
189,1,2,4,8,5,6,3,12,9,10,7,15,13,14,11,0
190,1,2,3,4,5,6,7,8,0,9,10,11,13,14,15,12
191,1,2,0,3,5,6,7,4,9,10,11,8,13,14,15,12
192,1,2,3,4,5,6,7,8,13,9,10,11,14,0,15,12
193,1,2,3,4,5,6,11,7,0,10,15,8,9,13,14,12
194,1,2,0,4,5,6,3,8,9,10,7,11,13,14,15,12
195,1,2,3,4,5,6,7,0,9,10,11,8,13,14,15,12
196,1,2,3,4,5,6,7,8,9,10,11,12,13,14,15,0
197,1,2,3,4,5,6,7,8,9,10,0,12,13,14,11,15
198,1,2,3,4,5,6,7,8,0,10,11,12,9,13,14,15
199,0,1,2,4,5,6,3,8,9,10,7,12,13,14,11,15
200,1,2,3,4,5,10,6,7,9,14,12,8,13,0,11,15
201,1,2,3,4,5,6,7,8,9,11,0,12,13,10,14,15
202,1,2,3,4,5,7,10,8,9,6,0,12,13,14,11,15
203,1,2,3,4,5,6,7,0,9,10,12,8,13,14,11,15
204,1,2,3,4,5,6,7,8,9,10,0,11,13,14,15,12
205,1,2,3,4,5,6,7,0,10,13,12,8,9,14,11,15
206,1,2,3,4,5,6,12,7,9,10,11,8,13,14,15,0
207,1,2,3,4,5,6,7,8,0,9,10,12,13,14,11,15
208,1,2,0,4,5,6,3,7,9,10,12,8,13,14,11,15
209,1,2,3,4,5,6,7,0,9,10,11,8,13,14,15,12
210,1,2,3,4,5,6,7,8,9,10,11,12,13,14,15,0
211,1,2,3,4,5,0,7,8,9,6,10,12,13,14,11,15
212,1,2,0,4,5,6,3,8,9,10,7,11,13,14,15,12
213,1,2,0,4,5,6,3,7,9,10,11,8,13,14,15,12
214,1,2,3,4,5,6,8,0,9,10,7,12,13,14,11,15
215,1,2,3,4,5,6,7,8,9,10,11,12,13,14,15,0
216,1,2,3,4,5,10,6,7,9,11,0,8,13,14,15,12
217,1,2,3,4,5,6,7,8,9,10,0,12,13,14,11,15
218,1,2,3,4,5,6,7,8,9,15,0,11,13,10,14,12
219,1,2,3,4,9,5,6,7,0,10,11,8,13,14,15,12
220,1,3,0,4,5,2,6,7,9,10,11,8,13,14,15,12
221,1,2,3,4,5,0,7,8,14,6,10,11,9,13,15,12
222,0,6,2,4,1,5,3,7,9,10,11,8,13,14,15,12
223,1,2,3,4,5,0,7,8,9,6,11,12,13,10,14,15
224,1,2,3,4,5,6,7,8,0,9,10,12,13,14,11,15
225,1,2,3,4,5,6,7,8,9,10,11,12,13,14,15,0
226,1,2,3,4,5,6,8,0,9,10,7,12,13,14,11,15
227,1,2,3,4,5,6,7,0,9,10,11,8,13,14,15,12
228,1,2,3,4,5,6,7,8,9,10,11,12,13,0,14,15
229,1,3,0,4,5,2,6,7,9,10,11,8,13,14,15,12
230,1,2,3,4,5,0,7,8,9,6,11,12,13,10,14,15
231,1,6,2,4,5,0,3,8,9,10,7,12,13,14,11,15
232,1,2,3,4,5,6,7,8,9,10,12,15,13,0,14,11
233,1,2,3,4,5,6,8,0,9,10,7,11,13,14,15,12
234,0,2,3,4,1,6,7,8,5,10,11,12,9,13,14,15
235,1,2,3,4,5,6,7,8,0,13,11,12,10,9,14,15
236,1,2,3,4,5,6,7,8,9,10,0,12,13,14,11,15
237,1,2,3,4,5,0,6,7,9,10,11,8,13,14,15,12
238,1,2,3,4,5,6,7,8,9,10,11,12,13,14,15,0
239,1,2,7,3,5,6,11,0,9,10,8,4,13,14,15,12
240,1,2,3,4,5,6,7,8,10,11,0,12,9,13,14,15
241,1,2,3,4,5,6,7,8,9,10,11,12,13,14,15,0
242,1,2,4,7,5,6,3,0,9,10,11,8,13,14,15,12
243,1,2,3,4,5,6,7,8,9,10,0,12,13,14,11,15
244,1,6,2,3,5,0,7,4,9,10,11,8,13,14,15,12
245,1,2,3,4,5,6,7,8,9,10,11,12,13,0,14,15
246,1,2,3,4,5,6,7,8,9,10,0,11,13,14,15,12
247,1,2,3,4,5,6,7,8,9,10,0,12,13,14,11,15
248,1,2,7,3,5,6,4,0,9,10,11,8,13,14,15,12
249,1,2,3,4,5,6,7,8,9,10,0,11,13,14,15,12
250,1,2,3,4,5,6,7,8,9,10,11,12,13,14,15,0
251,1,2,3,4,5,6,7,8,9,10,0,12,13,14,11,15
252,1,2,3,4,5,0,7,8,9,6,10,12,13,14,11,15
253,1,2,3,4,5,6,7,8,9,10,0,15,13,14,12,11
254,0,2,3,4,1,5,7,8,9,6,10,12,13,14,11,15
255,1,2,3,4,5,0,7,8,9,6,10,12,13,14,11,15
256,1,2,3,4,5,6,7,8,9,10,0,12,13,14,11,15
257,1,2,3,4,5,10,6,8,9,14,7,11,13,0,15,12
258,1,2,0,4,5,6,3,8,9,10,7,11,13,14,15,12
259,1,2,3,4,5,6,7,8,9,10,0,12,13,14,11,15
260,1,2,3,4,5,6,7,0,9,10,11,8,13,14,15,12
261,1,2,3,4,5,7,11,8,9,6,0,12,13,10,14,15
262,1,2,3,4,5,6,7,0,9,11,14,8,13,10,15,12
263,1,2,3,4,5,0,7,8,9,6,10,12,13,14,11,15
264,1,2,0,4,5,6,3,7,9,10,11,8,13,14,15,12
265,1,2,3,4,5,6,7,8,9,10,11,12,13,14,15,0
266,0,2,3,4,1,5,6,8,9,10,7,12,13,14,11,15
267,1,2,3,4,5,6,7,0,9,10,12,8,13,14,11,15
268,1,2,3,4,5,6,7,8,9,10,0,11,13,14,15,12
269,1,2,3,4,5,6,7,8,9,10,0,11,13,14,15,12
270,1,2,3,4,5,6,7,8,9,10,0,12,13,14,11,15
271,1,2,3,4,5,6,7,0,9,10,11,8,13,14,15,12
272,0,2,3,4,1,5,6,8,9,10,7,11,13,14,15,12
273,1,2,0,3,5,6,7,4,9,10,12,8,13,14,11,15
274,1,2,7,3,5,6,4,0,9,10,11,8,13,14,15,12
275,1,2,3,4,5,6,7,8,9,10,12,15,13,0,14,11
276,1,2,3,4,5,6,7,8,9,10,12,15,13,0,14,11
277,1,2,3,4,5,6,7,8,9,10,0,12,13,14,11,15
278,1,2,3,4,5,6,11,7,9,10,8,12,13,14,15,0
279,1,2,3,4,5,6,7,8,9,11,0,12,13,10,14,15
280,1,2,3,4,5,6,7,8,9,10,11,12,13,14,15,0
281,1,2,3,4,5,6,7,0,9,11,12,8,13,10,14,15
282,1,2,3,4,5,0,12,7,9,6,10,8,13,14,11,15
283,1,2,3,4,5,6,7,8,9,10,0,12,13,14,11,15
284,1,2,3,4,5,6,7,8,9,10,11,12,13,0,14,15
285,1,2,3,4,5,6,7,8,0,9,10,12,13,14,11,15
286,1,2,8,3,5,6,4,0,9,10,7,12,13,14,11,15
287,1,2,3,4,5,6,7,8,9,10,15,11,13,0,14,12
288,1,2,3,4,5,6,7,8,9,11,0,12,13,10,14,15
289,1,2,3,4,5,6,8,0,9,10,7,11,13,14,15,12
290,1,2,3,4,5,6,7,8,0,9,10,12,13,14,11,15
291,1,2,3,4,5,0,6,7,9,10,11,8,13,14,15,12
292,1,2,3,4,5,6,7,0,9,10,11,8,13,14,15,12
293,1,6,2,4,5,0,3,8,9,10,7,12,13,14,11,15
294,1,2,3,4,5,6,7,8,13,9,0,12,10,14,11,15
295,1,2,7,3,5,6,4,8,9,10,11,12,13,14,15,0
296,1,2,3,4,5,6,7,8,0,10,11,12,9,13,14,15
297,1,2,3,4,5,6,7,8,9,10,0,11,13,14,15,12
298,1,2,3,4,5,6,7,8,9,14,10,12,13,0,11,15
299,1,2,0,4,5,6,3,7,9,10,11,8,13,14,15,12
300,0,1,2,3,5,6,7,4,9,10,11,8,13,14,15,12
301,1,2,3,4,5,6,8,0,9,10,7,12,13,14,11,15
302,1,2,8,3,5,6,4,0,9,10,7,12,13,14,11,15
303,1,2,3,4,5,6,7,8,9,10,11,12,13,0,14,15
304,1,2,3,4,5,6,7,8,0,10,11,12,9,13,14,15
305,1,2,3,4,5,6,7,8,9,10,0,15,13,14,12,11
306,1,2,3,4,5,6,7,8,9,14,10,12,13,0,11,15
307,1,2,3,4,5,0,6,8,9,10,7,11,13,14,15,12
308,1,2,3,4,5,6,7,8,9,10,11,12,13,0,14,15
309,1,2,3,4,5,6,12,0,9,10,8,7,13,14,11,15
310,1,2,3,4,5,6,7,8,9,10,12,15,13,0,14,11
311,1,2,3,4,9,5,6,8,0,10,7,11,13,14,15,12
312,0,2,3,4,1,5,6,8,9,10,7,12,13,14,11,15
313,1,2,3,4,5,6,7,8,9,11,14,12,13,0,10,15
314,1,2,3,4,5,6,7,8,9,14,10,11,13,0,15,12
315,1,2,3,4,5,6,7,8,9,10,0,11,13,14,15,12
316,1,2,3,4,5,6,7,8,9,10,11,12,13,0,14,15
317,1,2,3,4,5,6,8,0,9,10,7,11,13,14,15,12
318,1,2,3,4,5,0,7,8,9,6,10,11,13,14,15,12
319,1,2,3,4,5,6,11,7,9,10,15,8,13,14,12,0
320,1,2,3,4,5,6,7,8,9,10,11,12,13,0,14,15
321,1,2,0,3,5,6,7,4,9,10,11,8,13,14,15,12
322,1,2,3,4,5,6,7,8,0,10,11,12,9,13,14,15
323,1,3,0,4,5,2,7,8,9,6,11,12,13,10,14,15
324,1,2,3,4,5,6,7,8,9,10,11,12,13,14,15,0
325,1,2,0,3,5,6,7,4,9,10,11,8,13,14,15,12
326,1,2,3,4,5,10,6,8,0,9,7,12,13,14,11,15
327,1,6,2,3,5,0,7,4,9,10,12,8,13,14,11,15
328,1,2,3,4,5,6,7,8,9,10,0,15,13,14,12,11
329,1,2,3,4,5,6,7,0,9,10,11,8,13,14,15,12
330,1,2,3,4,9,5,7,8,0,6,10,12,13,14,11,15
331,1,2,3,4,5,6,7,8,9,14,10,11,13,0,15,12
332,1,2,3,4,5,6,7,8,9,14,10,11,13,0,15,12
333,1,2,0,3,5,6,7,4,9,10,11,8,13,14,15,12
334,1,2,3,4,5,6,7,8,9,10,11,12,13,14,15,0
335,1,2,3,4,5,6,7,8,9,14,0,11,13,15,10,12
336,1,2,3,4,9,5,6,8,10,14,7,11,13,0,15,12
337,1,3,0,4,5,2,6,8,9,10,7,11,13,14,15,12
338,1,2,0,3,5,6,7,4,9,10,11,8,13,14,15,12
339,0,2,3,4,1,6,7,8,5,10,11,12,9,13,14,15
340,1,2,3,4,5,0,10,7,9,11,6,8,13,14,15,12
341,1,6,2,4,5,10,3,8,9,14,7,12,13,0,11,15
342,2,5,3,4,1,0,6,7,9,10,11,8,13,14,15,12
343,1,2,3,4,5,6,7,8,0,9,10,11,13,14,15,12
344,1,2,3,4,5,0,7,8,9,6,10,12,13,14,11,15
345,1,2,3,4,5,6,7,8,10,13,11,12,9,0,14,15
346,1,2,3,4,5,6,7,8,9,11,0,12,13,10,14,15
347,1,2,3,4,5,6,12,7,9,11,0,8,13,10,14,15
348,1,2,3,4,5,0,6,7,9,10,11,8,13,14,15,12
349,1,2,3,4,5,6,7,8,9,10,11,12,13,14,15,0
350,1,2,3,4,5,6,7,8,0,13,10,11,14,9,15,12
351,1,2,0,4,5,6,3,7,9,11,12,8,13,10,14,15
352,0,1,3,4,5,2,6,8,9,10,7,12,13,14,11,15
353,1,2,0,4,5,6,3,8,9,10,7,11,13,14,15,12
354,0,1,2,4,5,6,3,8,9,10,7,11,13,14,15,12
355,1,2,0,4,5,6,3,7,9,10,15,8,13,14,12,11
356,1,2,3,4,5,6,7,8,0,9,10,11,13,14,15,12
357,5,1,3,4,9,2,6,8,0,10,7,12,13,14,11,15
358,1,2,3,4,6,0,7,8,5,9,10,12,13,14,11,15
359,1,7,0,3,5,2,6,4,9,10,11,8,13,14,15,12
360,1,2,3,4,5,7,8,0,9,6,10,11,13,14,15,12
361,1,2,3,4,5,6,7,8,9,10,15,11,13,0,14,12
362,1,2,3,4,5,6,11,7,9,10,15,8,13,14,12,0
363,1,2,3,4,5,6,7,8,9,10,0,12,13,14,11,15
364,1,2,3,4,5,6,7,0,9,10,11,8,13,14,15,12
365,1,2,3,4,5,6,7,8,9,10,0,12,13,14,11,15
366,1,2,3,4,5,0,7,8,9,6,10,11,13,14,15,12
367,1,2,3,4,5,6,7,8,0,14,10,12,9,13,11,15
368,1,2,3,4,5,6,7,8,9,10,0,12,13,14,11,15
369,1,2,3,4,5,6,7,8,9,10,11,12,13,14,15,0
370,1,2,3,4,5,6,11,0,9,10,15,7,13,14,12,8
371,1,2,3,4,5,0,6,8,9,10,7,12,13,14,11,15
372,1,3,7,4,5,0,2,8,9,6,10,12,13,14,11,15
373,1,2,3,4,5,6,7,8,0,9,10,11,13,14,15,12
374,1,2,3,4,5,0,7,8,9,6,11,12,13,10,14,15
375,1,2,3,4,5,6,7,8,0,14,10,11,9,13,15,12
376,1,2,3,4,5,6,8,12,9,10,0,7,13,14,11,15
377,1,2,7,3,5,0,11,4,9,6,10,8,13,14,15,12
378,1,2,3,4,5,6,7,0,9,10,12,8,13,14,11,15
379,1,2,3,4,5,6,11,7,9,10,15,8,13,0,14,12
380,1,2,3,4,5,6,7,8,9,10,12,15,13,0,14,11
381,1,2,4,8,5,6,3,0,9,10,7,12,13,14,11,15
382,1,2,0,3,5,6,7,4,9,10,12,8,13,14,11,15
383,1,2,3,4,5,6,7,0,9,10,11,8,13,14,15,12
384,0,2,3,4,1,5,6,7,9,10,11,8,13,14,15,12
385,1,2,0,4,5,6,3,8,9,11,7,12,13,10,14,15
386,1,2,3,4,5,6,7,0,9,10,11,8,13,14,15,12
387,1,2,3,4,5,6,7,8,9,10,0,12,13,14,11,15
388,1,2,3,4,5,6,8,12,9,11,0,7,13,10,14,15
389,1,2,3,4,5,6,8,0,9,10,7,11,13,14,15,12
390,1,2,3,4,5,6,7,8,9,10,0,12,13,14,11,15
391,1,2,3,4,5,6,7,8,0,9,10,11,13,14,15,12
392,1,2,3,4,5,7,10,8,9,6,0,12,13,14,11,15
393,0,2,3,4,1,6,7,8,5,10,15,11,9,13,14,12
394,0,1,2,4,5,6,3,7,9,10,11,8,13,14,15,12
395,1,2,3,4,5,6,7,8,9,10,0,12,13,14,11,15
396,1,3,0,4,5,2,6,7,9,10,11,8,13,14,15,12
397,1,2,3,4,5,0,6,8,9,10,7,12,13,14,11,15
398,1,2,0,3,5,6,8,4,9,10,7,11,13,14,15,12
399,1,2,3,4,5,6,7,8,9,10,0,12,13,14,11,15
400,1,2,3,4,5,6,8,11,9,10,0,7,13,14,15,12
401,1,2,3,4,5,0,7,8,10,6,11,12,9,13,14,15
402,1,2,3,4,5,6,7,8,9,14,10,11,13,0,15,12
403,1,6,2,3,5,0,7,4,9,10,11,8,13,14,15,12
404,1,2,3,4,5,6,7,8,9,14,10,12,13,0,11,15
405,0,2,3,4,1,5,7,8,9,6,11,12,13,10,14,15
406,1,2,3,4,5,6,7,8,9,10,0,15,13,14,12,11
407,1,2,3,4,10,0,6,7,5,9,11,8,13,14,15,12
408,1,2,3,4,5,6,7,8,0,10,15,11,9,13,14,12
409,1,2,3,4,5,6,8,0,9,10,7,12,13,14,11,15
410,1,2,3,4,5,6,7,8,9,11,0,12,13,10,14,15
411,0,1,2,4,5,6,3,8,9,10,7,12,13,14,11,15
412,1,2,3,4,5,6,7,8,9,10,0,12,13,14,11,15
413,1,2,3,4,5,6,7,8,9,10,11,12,13,0,14,15
414,1,2,3,4,5,6,7,8,9,14,10,12,13,0,11,15
415,1,2,3,4,6,0,7,8,5,10,11,12,9,13,14,15
416,1,2,3,4,5,10,6,8,9,7,0,12,13,14,11,15
417,1,2,0,4,5,6,3,8,9,10,7,12,13,14,11,15
418,1,2,3,4,5,6,7,8,9,10,0,12,13,14,11,15
419,1,2,0,4,5,6,3,7,9,10,15,8,13,14,12,11
420,1,2,3,4,9,5,7,8,0,6,11,12,13,10,14,15
421,1,2,4,8,5,6,3,0,9,10,7,11,13,14,15,12
422,1,2,3,4,5,6,7,8,9,11,0,12,13,10,14,15
423,1,2,0,4,5,6,3,8,9,10,7,12,13,14,11,15
424,1,2,3,4,9,0,6,8,10,5,7,12,13,14,11,15
425,1,2,3,4,5,6,7,8,9,10,11,12,13,14,15,0
426,1,2,0,4,5,6,3,7,9,10,11,8,13,14,15,12
427,1,2,3,4,5,6,7,8,9,10,0,11,13,14,15,12
428,1,2,3,4,5,10,6,7,9,14,11,8,13,0,15,12
429,0,2,3,4,1,6,7,8,5,10,11,12,9,13,14,15
430,1,2,8,3,5,10,6,4,9,14,7,12,13,0,11,15
431,1,2,3,4,5,0,6,8,9,10,7,11,13,14,15,12
432,1,2,3,4,10,5,7,8,0,6,11,12,9,13,14,15
433,1,2,3,4,5,6,7,8,9,10,0,11,13,14,15,12
434,1,2,3,4,5,6,7,8,9,10,0,11,13,14,15,12
435,1,2,0,3,5,6,7,4,9,10,11,8,13,14,15,12
436,1,2,7,3,5,6,11,4,9,10,0,8,13,14,15,12
437,1,2,3,4,5,6,7,8,9,10,11,12,13,0,14,15
438,1,2,3,4,5,6,7,0,9,11,12,8,13,10,14,15
439,1,2,0,4,5,6,3,7,9,10,11,8,13,14,15,12
440,1,2,3,4,5,6,7,0,9,10,11,8,13,14,15,12
441,1,3,0,4,5,2,6,8,9,10,7,11,13,14,15,12
442,1,2,3,4,5,0,6,8,9,10,7,11,13,14,15,12
443,1,2,0,3,5,6,8,4,9,10,7,11,13,14,15,12
444,1,2,0,4,5,6,3,8,9,11,7,12,13,10,14,15
445,1,2,3,4,5,6,8,0,9,10,7,11,13,14,15,12
446,1,2,3,4,5,10,6,7,9,14,11,8,13,0,15,12
447,0,2,3,4,1,6,7,8,5,9,10,12,13,14,11,15
448,1,2,3,4,5,6,7,8,9,10,11,12,13,14,15,0
449,1,2,3,4,5,0,7,8,9,6,11,12,13,10,14,15
450,1,2,0,3,5,6,7,4,9,10,11,8,13,14,15,12
451,1,2,3,4,9,5,7,8,0,6,10,11,13,14,15,12
452,1,2,3,4,5,6,7,0,9,10,11,8,13,14,15,12
453,2,5,3,4,1,0,6,7,9,10,11,8,13,14,15,12
454,1,2,3,4,5,6,11,7,0,14,10,8,9,13,15,12
455,1,2,4,7,5,6,3,0,9,10,11,8,13,14,15,12
456,1,2,3,4,5,6,11,7,0,14,10,8,9,13,15,12
457,1,2,3,4,5,6,7,0,9,10,12,8,13,14,11,15
458,1,2,3,4,5,6,7,8,9,11,14,12,13,10,15,0
459,2,3,0,4,1,5,6,8,9,10,7,11,13,14,15,12
460,1,2,3,4,5,6,7,8,9,10,11,12,13,0,14,15
461,1,2,3,4,5,6,7,8,0,10,11,12,9,13,14,15
462,1,2,3,4,5,6,7,8,9,14,10,11,13,15,12,0
463,1,2,3,4,5,6,7,0,9,10,11,8,13,14,15,12
464,1,2,3,4,5,6,7,0,9,10,11,8,13,14,15,12
465,1,2,3,4,5,10,6,7,0,9,11,8,13,14,15,12
466,1,2,3,4,5,6,7,8,9,10,0,12,13,14,11,15
467,1,2,3,4,9,5,6,7,0,10,11,8,13,14,15,12
468,1,2,4,7,5,6,3,0,9,10,11,8,13,14,15,12
469,1,2,3,4,6,10,7,8,5,13,11,12,9,0,14,15
470,5,1,2,4,6,0,3,8,9,10,7,12,13,14,11,15
471,1,2,3,4,5,6,7,8,9,10,0,12,13,14,11,15
472,1,2,3,4,5,6,7,8,9,10,0,11,13,14,15,12
473,1,2,3,4,5,10,6,11,0,9,8,7,13,14,15,12
474,1,2,3,4,5,6,7,8,0,10,11,12,9,13,14,15
475,1,2,4,8,5,6,3,0,9,10,7,12,13,14,11,15
476,1,2,7,3,5,6,11,4,9,10,0,8,13,14,15,12
477,1,2,7,3,5,6,11,4,9,10,0,8,13,14,15,12
478,1,2,3,4,5,6,7,8,9,10,0,11,13,14,15,12
479,1,2,3,4,5,6,7,8,10,11,0,12,9,13,14,15
480,1,2,3,4,5,0,6,8,9,10,7,12,13,14,11,15
481,1,2,3,4,5,6,7,0,9,10,15,8,13,14,12,11
482,1,2,3,4,5,6,8,0,9,11,7,12,13,10,14,15
483,1,2,3,4,5,6,7,8,9,10,11,12,13,0,14,15
484,1,2,3,4,5,6,7,8,9,10,0,11,13,14,15,12
485,1,2,3,4,5,6,7,8,0,9,11,12,13,10,14,15
486,1,2,3,4,5,6,8,0,9,10,7,12,13,14,11,15
487,1,2,3,4,5,6,7,8,9,10,0,12,13,14,11,15
488,1,2,3,4,5,6,7,8,0,9,10,12,13,14,11,15
489,5,1,3,4,2,0,7,8,9,6,11,12,13,10,14,15
490,1,2,3,4,5,10,6,7,9,11,0,8,13,14,15,12
491,0,1,2,4,5,6,3,8,9,10,7,11,13,14,15,12
492,1,3,0,4,5,2,7,8,9,6,10,12,13,14,11,15
493,1,2,3,4,5,6,7,0,9,10,11,8,13,14,15,12
494,1,2,3,4,5,6,7,8,9,10,15,11,13,0,14,12
495,1,2,3,4,5,0,6,7,9,10,11,8,13,14,15,12
496,1,2,3,4,5,6,7,8,9,10,11,12,13,0,14,15
497,1,2,3,4,5,6,8,0,9,10,7,12,13,14,11,15
498,1,2,3,4,5,6,8,0,9,10,7,11,13,14,15,12
499,0,6,2,4,1,5,3,7,9,10,11,8,13,14,15,12
500,1,2,3,4,5,6,7,8,10,11,0,12,9,13,14,15
501,1,2,3,4,5,6,7,8,9,10,0,12,13,14,11,15
502,1,2,3,4,5,6,8,0,9,10,7,11,13,14,15,12
503,1,2,3,4,5,6,7,8,9,11,0,12,13,10,14,15
504,1,2,3,4,5,6,7,8,0,9,10,11,13,14,15,12
505,1,2,3,4,5,6,7,8,9,10,11,12,13,0,14,15
506,1,2,3,4,5,7,8,0,9,6,11,12,13,10,14,15
507,1,2,3,4,5,6,7,8,0,9,10,12,13,14,11,15
508,1,2,3,4,5,6,7,8,9,10,0,12,13,14,11,15
509,1,2,0,3,5,6,8,4,9,10,7,12,13,14,11,15
510,1,2,3,4,5,0,7,8,9,6,11,12,13,10,14,15
511,1,2,0,3,5,6,7,4,9,10,11,8,13,14,15,12
512,1,2,3,4,5,6,7,0,9,10,12,8,13,14,11,15
513,1,2,3,4,5,6,7,8,9,10,0,12,13,14,11,15
514,1,2,3,4,5,6,7,8,9,10,15,11,13,0,14,12
515,0,2,3,4,1,6,7,8,5,9,11,12,13,10,14,15
516,1,2,0,3,5,6,7,4,9,10,11,8,13,14,15,12
517,1,2,3,4,5,6,7,8,9,11,0,12,13,10,14,15
518,1,2,0,3,5,6,7,4,9,10,11,8,13,14,15,12
519,1,2,0,4,5,7,3,8,9,6,10,11,13,14,15,12
520,1,2,0,4,5,10,3,6,9,7,11,8,13,14,15,12
521,1,2,3,4,5,6,11,0,9,10,8,7,13,14,15,12
522,1,2,0,3,5,6,7,4,9,10,11,8,13,14,15,12
523,1,2,3,4,5,6,7,8,0,9,10,11,13,14,15,12
524,1,2,3,4,5,6,7,8,9,14,10,11,13,0,15,12
525,1,2,7,3,5,6,4,8,9,10,0,11,13,14,15,12
526,1,2,3,4,5,6,7,8,9,10,11,12,13,14,15,0
527,1,2,3,4,5,6,7,0,9,10,11,8,13,14,15,12
528,1,2,0,4,5,6,3,7,9,10,11,8,13,14,15,12
529,1,6,2,4,5,0,3,7,9,10,11,8,13,14,15,12
530,1,2,3,4,5,6,7,8,9,10,0,11,13,14,15,12
531,1,2,3,4,5,6,7,8,9,10,0,12,13,14,11,15
532,1,2,4,7,5,6,3,0,9,10,11,8,13,14,15,12
533,1,2,3,4,5,6,11,7,9,10,0,12,13,14,8,15
534,1,2,3,4,5,6,7,8,0,14,10,11,9,13,15,12
535,1,2,3,4,5,6,7,0,9,10,11,8,13,14,15,12
536,1,2,3,4,5,0,6,7,9,10,11,8,13,14,15,12
537,1,2,3,4,5,6,7,8,0,10,11,12,9,13,14,15
538,1,2,3,4,5,6,7,8,9,10,11,12,13,14,15,0
539,1,2,0,3,5,6,7,4,9,10,11,8,13,14,15,12
540,1,2,7,3,5,6,11,4,9,10,0,8,13,14,15,12
541,1,6,2,4,5,0,3,8,9,10,7,12,13,14,11,15
542,1,2,3,4,5,6,7,0,9,10,11,8,13,14,15,12
543,1,2,3,4,5,6,8,0,10,11,7,12,9,13,14,15
544,1,2,3,4,5,6,7,8,9,14,10,11,13,0,15,12
545,1,2,3,4,5,6,7,0,9,10,11,8,13,14,15,12
546,0,1,2,4,5,6,3,7,9,10,11,8,13,14,15,12
547,1,2,7,3,5,0,6,4,9,10,11,8,13,14,15,12
548,1,2,3,4,5,6,7,8,9,10,11,12,13,0,14,15
549,1,6,2,4,5,0,3,8,9,10,7,12,13,14,11,15
550,1,2,3,4,5,0,6,7,9,10,11,8,13,14,15,12
551,1,2,3,4,5,6,8,12,9,10,0,7,13,14,11,15
552,1,2,3,4,5,6,7,8,0,9,10,11,13,14,15,12
553,1,2,3,4,5,6,7,8,9,10,11,12,13,14,15,0
554,1,2,3,4,5,6,7,8,9,10,15,11,13,14,12,0
555,1,2,3,4,5,6,7,8,13,9,11,12,10,0,14,15
556,1,2,3,4,5,7,11,8,9,6,0,12,13,10,14,15
557,1,2,3,4,5,10,6,7,9,14,11,8,13,0,15,12
558,1,2,0,4,5,6,3,7,9,10,11,8,13,14,15,12
559,1,2,4,8,5,6,3,0,9,10,7,12,13,14,11,15
560,1,2,3,4,5,0,7,8,9,6,15,11,13,10,14,12
561,1,2,3,4,5,6,7,0,9,10,11,8,13,14,15,12
562,1,2,3,4,5,0,6,7,9,10,11,8,13,14,15,12
563,1,2,3,4,5,6,7,8,9,10,15,11,13,0,14,12
564,1,2,0,3,5,6,8,4,9,10,7,11,13,14,15,12
565,1,3,0,4,5,2,7,8,9,6,10,11,13,14,15,12
566,1,2,3,4,5,6,7,0,9,10,11,8,13,14,15,12
567,1,2,3,4,5,6,7,8,9,14,10,11,13,0,15,12
568,1,2,3,4,5,6,7,8,10,11,0,12,9,13,14,15
569,1,2,3,4,5,0,7,8,9,6,15,11,13,10,14,12
570,1,6,2,4,5,10,3,8,0,9,7,11,13,14,15,12
571,1,2,3,4,5,6,11,0,9,10,8,7,13,14,15,12
572,1,2,3,4,5,6,7,8,0,9,11,12,13,10,14,15
573,1,2,3,4,5,6,7,8,9,10,0,15,13,14,12,11
574,1,2,3,4,5,0,7,8,9,6,10,11,13,14,15,12
575,1,2,3,4,5,6,7,0,9,14,10,8,13,15,12,11
576,0,2,3,4,1,6,7,8,5,9,10,11,13,14,15,12
577,1,2,3,4,9,5,7,8,13,6,10,11,14,0,15,12
578,1,2,3,4,9,5,7,8,13,6,10,12,14,0,11,15
579,1,2,0,3,5,6,7,4,9,14,12,8,13,11,10,15
580,1,2,3,4,5,6,7,8,9,14,10,12,13,0,11,15
581,1,2,3,4,5,0,6,7,9,10,11,8,13,14,15,12
582,0,1,3,4,5,2,7,8,9,6,10,11,13,14,15,12
583,1,2,4,7,5,6,3,0,9,10,11,8,13,14,15,12
584,1,2,3,4,5,6,7,8,9,10,11,12,13,14,15,0
585,1,2,3,4,5,0,6,8,10,11,7,12,9,13,14,15
586,1,2,3,4,5,6,7,8,9,10,11,12,13,14,15,0
587,1,2,0,3,5,6,7,4,9,10,11,8,13,14,15,12
588,1,2,3,4,5,6,7,8,9,11,0,12,13,10,14,15
589,1,2,3,4,5,6,7,8,9,10,0,12,13,14,11,15
590,1,2,3,4,5,6,7,0,9,10,11,8,13,14,15,12
591,1,2,3,4,5,6,7,8,9,10,0,12,13,14,11,15
592,1,2,3,4,5,6,7,0,9,10,11,8,13,14,15,12
593,1,2,3,4,5,6,7,8,9,10,11,12,13,14,15,0
594,1,2,3,4,5,6,7,8,9,10,0,11,13,14,15,12
595,1,2,3,4,5,6,7,8,9,10,0,12,13,14,11,15
596,1,2,3,4,5,6,7,0,9,10,12,8,13,14,11,15
597,1,2,3,4,5,6,7,8,9,10,11,12,13,14,15,0
598,1,2,3,4,5,6,7,0,9,10,12,8,13,14,11,15
599,1,2,3,4,5,6,7,8,9,11,0,12,13,10,14,15
600,1,2,3,4,5,6,7,8,0,10,11,12,9,13,14,15
601,1,2,3,4,5,6,7,8,9,10,0,11,13,14,15,12
602,1,2,0,4,5,6,3,8,9,10,7,12,13,14,11,15
603,1,2,3,4,5,6,8,0,9,10,7,12,13,14,11,15
604,1,2,3,4,5,6,7,8,9,10,0,12,13,14,11,15
605,1,2,3,4,5,6,7,8,9,10,11,12,13,0,14,15
606,1,2,3,4,5,6,11,7,9,10,0,8,13,14,15,12
607,0,2,3,4,1,6,7,8,5,9,10,12,13,14,11,15
608,1,2,3,4,5,6,7,8,0,10,11,12,9,13,14,15
609,1,2,3,4,5,6,7,8,0,10,11,12,9,13,14,15
610,1,2,3,4,5,0,7,8,9,6,15,11,13,10,14,12
611,1,2,3,4,5,0,11,8,9,7,6,12,13,10,14,15
612,1,6,2,3,5,7,11,4,9,10,0,8,13,14,15,12
613,1,2,3,4,5,6,7,8,9,10,0,15,13,14,12,11
614,1,2,3,4,5,6,7,8,0,14,10,12,9,13,11,15
615,1,6,2,3,5,7,11,4,9,10,15,8,13,0,14,12
616,1,2,3,4,9,5,6,8,0,10,7,12,13,14,11,15
617,0,2,3,4,1,6,7,8,5,10,11,12,9,13,14,15
618,1,2,3,4,5,0,6,7,9,10,11,8,13,14,15,12
619,1,2,3,4,5,6,7,8,10,11,14,12,9,13,15,0
620,1,2,0,4,5,6,3,7,9,10,12,8,13,14,11,15
621,1,2,3,4,5,6,7,8,9,11,0,12,13,10,14,15
622,1,2,3,4,5,6,7,8,9,10,15,11,13,0,14,12
623,1,2,3,4,6,0,7,8,5,10,11,12,9,13,14,15
624,1,2,3,4,5,10,6,8,0,9,7,11,13,14,15,12
625,1,2,3,4,5,6,11,7,9,10,0,8,13,14,15,12
626,1,2,0,3,5,6,8,4,9,10,7,12,13,14,11,15
627,1,2,3,4,5,6,7,8,9,10,11,12,13,14,15,0
628,1,2,3,4,5,6,7,8,9,10,0,12,13,14,11,15
629,1,2,3,4,5,6,11,7,9,10,0,8,13,14,15,12
630,0,1,2,3,5,6,7,4,9,10,11,8,13,14,15,12
631,1,2,3,4,5,6,7,8,9,10,11,12,13,14,15,0
632,0,1,2,4,5,6,3,8,9,10,7,12,13,14,11,15
633,1,2,3,4,5,6,7,0,9,10,11,8,13,14,15,12
634,1,2,3,4,5,6,7,8,9,10,11,12,13,14,15,0
635,1,2,0,3,5,6,7,4,9,10,11,8,13,14,15,12
636,1,2,3,4,5,6,7,8,9,10,12,15,13,14,11,0
637,1,2,3,4,5,6,7,8,9,14,10,11,13,0,15,12
638,1,6,2,4,5,10,3,8,0,9,7,11,13,14,15,12
639,1,2,3,4,5,6,7,0,9,11,14,8,13,10,15,12
640,1,2,3,4,6,0,7,8,5,9,15,11,13,10,14,12
641,1,2,3,4,5,6,7,0,9,10,12,8,13,14,11,15
642,2,5,3,4,1,0,6,7,9,10,11,8,13,14,15,12
643,1,2,3,4,5,6,7,8,9,14,0,10,13,15,12,11
644,1,2,3,4,5,6,7,0,9,10,11,8,13,14,15,12
645,0,1,3,4,5,2,6,7,9,10,11,8,13,14,15,12
646,0,1,2,4,5,6,3,8,9,10,7,12,13,14,11,15
647,1,2,3,4,5,6,7,8,9,11,14,12,13,0,10,15
648,1,2,3,4,5,6,7,8,9,10,0,11,13,14,15,12
649,1,2,3,4,5,6,7,8,9,10,11,12,13,14,15,0
650,1,2,0,4,5,6,3,8,9,10,7,12,13,14,11,15
651,1,2,3,4,6,0,7,8,5,9,11,12,13,10,14,15
652,1,2,0,3,5,6,8,4,9,10,7,11,13,14,15,12
653,1,2,3,4,5,6,7,8,9,10,15,11,13,0,14,12
654,1,2,3,4,5,0,6,7,9,10,12,8,13,14,11,15
655,1,2,3,4,5,6,7,8,0,9,10,12,13,14,11,15
656,1,2,3,4,5,6,7,8,10,11,0,12,9,13,14,15
657,1,2,3,4,5,6,8,11,0,9,7,12,13,10,14,15
658,1,2,3,4,5,0,7,8,9,6,11,12,13,10,14,15
659,1,2,3,4,5,6,7,8,0,14,10,12,9,13,11,15
660,1,2,3,4,5,6,11,7,9,10,0,8,13,14,15,12
661,5,1,2,4,9,6,3,7,0,10,11,8,13,14,15,12
662,1,2,3,4,5,6,7,8,9,14,10,11,13,0,15,12
663,0,1,2,3,5,6,7,4,9,10,11,8,13,14,15,12
664,1,2,3,4,5,0,6,8,9,10,7,12,13,14,11,15
665,1,2,3,4,5,6,7,8,9,11,0,12,13,10,14,15
666,1,2,3,4,5,6,7,0,9,10,11,8,13,14,15,12
667,1,2,7,3,5,6,4,0,9,10,11,8,13,14,15,12
668,1,2,3,4,5,6,7,8,13,9,14,12,11,0,10,15
669,1,2,3,4,5,6,7,0,9,10,15,8,13,14,12,11
670,1,2,3,4,9,5,6,8,0,13,7,11,14,10,15,12
671,1,2,3,4,5,6,7,0,9,10,12,8,13,14,11,15
672,1,2,3,4,5,6,7,8,0,10,11,12,9,13,14,15
673,1,2,3,4,5,6,7,8,0,10,11,12,9,13,14,15
674,1,2,3,4,5,6,7,8,9,10,11,12,13,14,15,0
675,1,2,3,4,5,6,7,8,9,10,11,12,13,14,15,0
676,0,2,3,4,1,6,7,8,5,9,10,12,13,14,11,15
677,1,2,3,4,5,6,7,8,9,10,0,11,13,14,15,12
678,1,2,3,4,5,6,7,8,9,10,15,11,13,0,14,12
679,1,2,3,4,5,6,7,8,9,10,0,11,13,14,15,12
680,1,2,3,4,5,6,7,8,0,14,10,11,9,13,15,12
681,1,2,7,3,5,6,11,0,9,10,8,4,13,14,15,12
682,1,3,0,4,5,2,7,8,9,6,10,11,13,14,15,12
683,1,2,4,8,5,6,3,0,9,10,7,12,13,14,11,15
684,1,2,3,4,5,6,7,8,0,10,15,11,9,13,14,12
685,1,2,3,4,5,6,7,8,0,10,11,12,9,13,14,15
686,1,2,3,4,5,6,7,8,9,10,0,12,13,14,11,15
687,1,2,3,4,5,6,7,8,9,11,14,12,13,10,15,0
688,1,2,3,4,5,6,7,8,9,10,11,12,13,14,15,0
689,1,2,3,4,5,6,7,8,9,10,11,12,13,14,15,0
690,1,2,0,4,5,6,3,8,9,10,7,11,13,14,15,12
691,1,6,2,3,5,10,7,4,0,9,11,8,13,14,15,12
692,1,2,3,4,5,6,7,8,9,10,11,12,13,0,14,15
693,1,2,3,4,9,5,6,7,0,10,11,8,13,14,15,12
694,1,2,3,4,5,6,7,8,9,10,0,11,13,14,15,12
695,1,2,3,4,5,0,7,8,9,6,10,12,13,14,11,15
696,1,2,3,4,5,6,7,8,9,10,0,11,13,14,15,12
697,1,2,3,4,5,6,7,8,0,9,10,11,13,14,15,12
698,1,2,3,4,5,6,7,8,0,14,10,12,9,13,11,15
699,1,2,3,4,5,6,8,12,9,10,0,7,13,14,11,15
700,1,2,4,7,5,6,3,0,9,10,11,8,13,14,15,12
701,1,2,3,4,5,6,7,8,9,10,11,12,13,0,14,15
702,1,2,3,4,5,7,8,0,9,6,10,12,13,14,11,15
703,1,2,3,4,5,6,7,8,9,10,11,12,13,0,14,15
704,1,2,3,4,5,6,7,8,14,13,10,11,9,0,15,12
705,1,2,3,4,5,6,7,8,10,13,15,11,9,0,14,12
706,1,2,3,4,9,5,6,7,0,10,11,8,13,14,15,12
707,1,2,0,4,5,6,3,7,9,14,10,8,13,11,15,12
708,1,2,3,4,5,6,7,8,9,10,11,12,13,14,15,0
709,1,2,3,4,5,6,11,0,9,10,8,7,13,14,15,12
710,1,2,3,4,5,6,7,8,9,10,0,12,13,14,11,15
711,1,2,3,4,5,6,7,8,9,10,11,12,13,14,15,0
712,1,3,0,4,5,2,7,8,9,6,11,12,13,10,14,15
713,1,2,3,4,5,6,7,0,9,10,12,8,13,14,11,15
714,1,2,3,4,5,6,7,8,9,14,10,12,13,0,11,15
715,1,2,3,4,5,6,7,8,9,10,0,12,13,14,11,15
716,1,2,3,4,5,6,7,8,0,9,10,12,13,14,11,15
717,1,2,3,4,5,6,7,8,13,9,10,11,14,0,15,12
718,1,2,3,4,9,5,7,8,0,6,11,12,13,10,14,15
719,1,2,3,4,5,0,6,7,9,10,11,8,13,14,15,12
720,1,2,3,4,5,6,7,8,9,10,0,11,13,14,15,12
721,1,3,0,4,5,2,7,8,9,6,10,12,13,14,11,15
722,1,6,2,4,5,3,11,7,9,10,0,8,13,14,15,12
723,1,2,0,4,5,6,3,7,9,10,11,8,13,14,15,12
724,0,1,2,3,5,6,7,4,9,10,11,8,13,14,15,12
725,1,2,3,4,5,6,8,0,13,11,7,12,10,9,14,15
726,1,2,3,4,5,6,7,8,0,14,10,11,9,13,15,12
727,0,2,3,4,1,6,7,8,5,9,15,11,13,10,14,12
728,1,2,3,4,5,6,7,0,9,10,15,8,13,14,12,11
729,1,2,3,4,5,6,7,0,9,10,11,8,13,14,15,12
730,1,2,3,4,5,6,7,8,0,9,10,12,13,14,11,15
731,1,2,3,4,9,5,6,8,0,10,7,11,13,14,15,12
732,1,2,7,3,5,0,6,4,9,10,12,8,13,14,11,15
733,1,2,3,4,5,6,7,8,9,10,15,11,13,0,14,12
734,1,2,3,4,5,6,7,8,9,10,0,11,13,14,15,12
735,1,2,3,4,5,6,7,8,9,10,12,15,13,14,11,0
736,0,1,2,3,5,6,8,4,9,10,7,11,13,14,15,12
737,1,2,7,3,5,0,6,4,9,10,11,8,13,14,15,12
738,1,2,3,4,5,6,8,0,9,10,7,12,13,14,11,15
739,1,2,3,4,5,6,7,8,9,11,12,15,13,10,14,0
740,1,2,3,4,5,0,6,8,9,10,7,11,13,14,15,12
741,1,2,3,4,5,6,7,8,9,10,11,12,13,0,14,15
742,1,2,3,4,5,6,7,8,9,10,0,12,13,14,11,15
743,1,2,7,3,5,6,11,4,9,14,10,8,13,0,15,12
744,1,2,3,4,5,6,8,11,9,10,7,12,13,14,15,0
745,1,2,3,4,5,6,7,0,9,10,11,8,13,14,15,12
746,1,2,3,4,5,6,7,8,9,10,0,11,13,14,15,12
747,0,1,2,3,5,6,8,4,9,10,7,12,13,14,11,15
748,1,2,3,4,9,5,6,8,0,15,7,11,13,10,14,12
749,1,2,3,4,5,6,7,8,9,10,11,12,13,0,14,15
750,1,2,3,4,5,6,7,8,9,11,14,12,13,10,15,0
751,1,6,2,4,5,3,8,0,9,10,7,11,13,14,15,12
752,1,2,3,4,5,7,11,8,9,6,14,12,13,10,15,0
753,1,2,3,4,5,0,6,8,9,14,7,11,13,15,10,12
754,1,6,2,3,5,10,8,4,0,9,7,11,13,14,15,12
755,1,2,3,4,5,6,7,8,9,14,15,10,13,11,12,0
756,1,3,0,4,5,2,7,8,9,6,10,12,13,14,11,15
757,1,2,3,4,5,6,7,8,0,10,11,12,9,13,14,15
758,1,2,3,4,5,6,7,0,9,10,11,8,13,14,15,12
759,1,2,3,4,5,6,7,8,9,10,0,11,13,14,15,12
760,1,2,0,3,5,6,7,4,9,10,11,8,13,14,15,12
761,1,2,3,4,5,6,7,8,0,9,11,12,13,10,14,15
762,1,2,3,4,6,0,7,8,5,10,11,12,9,13,14,15
763,1,2,7,3,5,0,6,4,9,10,11,8,13,14,15,12
764,1,2,4,8,5,6,3,11,9,10,7,12,13,14,15,0
765,1,2,3,4,5,6,7,8,9,10,11,12,13,14,15,0
766,1,2,3,4,5,6,7,8,0,9,11,12,13,10,14,15
767,1,2,3,4,5,6,7,8,0,10,11,12,9,13,14,15
768,1,2,3,4,5,6,11,7,9,10,0,8,13,14,15,12
769,1,2,3,4,5,6,7,0,9,10,11,8,13,14,15,12
770,1,2,4,8,5,6,3,0,9,10,7,11,13,14,15,12
771,1,2,3,4,5,0,10,7,9,11,6,8,13,14,15,12
772,1,2,3,4,5,6,11,7,9,10,0,8,13,14,15,12
773,1,2,3,4,5,0,6,8,9,10,7,12,13,14,11,15
774,1,2,3,4,5,6,7,8,9,10,11,12,13,0,14,15
775,1,2,4,8,5,6,3,0,9,10,7,12,13,14,11,15
776,1,2,3,4,5,6,7,8,9,10,11,12,13,14,15,0
777,1,2,3,4,5,0,7,8,10,6,11,12,9,13,14,15
778,5,1,3,4,2,6,8,0,9,10,7,12,13,14,11,15
779,1,2,3,4,5,6,7,8,9,10,15,11,13,0,14,12
780,1,2,3,4,5,0,7,8,14,6,10,11,9,13,15,12
781,5,1,0,4,2,6,3,8,9,10,7,12,13,14,11,15
782,1,2,3,4,6,0,7,8,5,9,11,12,13,10,14,15
783,1,2,3,4,5,0,7,8,9,6,10,12,13,14,11,15
784,1,2,3,4,5,6,7,8,0,9,11,12,13,10,14,15
785,1,2,3,4,5,6,7,8,9,10,11,12,13,14,15,0
786,1,2,3,4,5,6,7,8,9,10,12,15,13,14,11,0
787,1,2,3,4,5,6,7,8,13,9,10,12,14,0,11,15
788,1,2,3,4,5,6,7,0,9,10,11,8,13,14,15,12
789,1,2,3,4,5,0,6,8,9,10,7,11,13,14,15,12
790,1,2,3,4,5,6,8,0,9,10,7,11,13,14,15,12
791,1,2,3,4,5,6,7,8,9,10,15,11,13,14,12,0
792,0,1,2,4,5,6,3,7,9,10,11,8,13,14,15,12
793,0,2,3,4,1,5,7,8,9,6,11,12,13,10,14,15
794,1,2,3,4,5,6,7,8,9,10,15,11,13,0,14,12
795,1,2,0,7,5,6,4,3,9,10,11,8,13,14,15,12
796,1,2,3,4,5,0,6,7,9,10,11,8,13,14,15,12
797,1,6,2,3,5,0,7,4,9,10,11,8,13,14,15,12
798,1,2,3,4,5,0,7,8,9,6,11,12,13,10,14,15
799,1,2,3,4,5,6,7,8,9,10,0,12,13,14,11,15
800,1,2,3,4,5,7,8,0,9,6,11,12,13,10,14,15
801,1,2,3,4,5,6,8,11,9,10,0,7,13,14,15,12
802,0,1,2,3,5,6,7,4,9,10,11,8,13,14,15,12
803,1,2,3,4,5,6,7,8,9,10,11,12,13,0,14,15
804,1,2,3,4,5,6,8,0,9,10,7,12,13,14,11,15
805,1,2,3,4,5,6,7,8,9,10,0,12,13,14,11,15
806,1,2,3,4,5,0,6,7,9,10,11,8,13,14,15,12
807,1,2,0,3,5,7,8,4,9,6,10,11,13,14,15,12
808,1,2,3,4,5,6,7,0,9,10,12,8,13,14,11,15
809,1,2,0,4,5,6,3,8,9,14,7,11,13,15,10,12
810,1,2,3,4,6,0,7,8,5,10,11,12,9,13,14,15
811,1,2,3,4,5,6,7,8,9,10,12,15,13,0,14,11
812,1,2,3,4,5,0,7,8,9,6,11,12,13,10,14,15
813,0,1,3,4,5,2,7,8,9,6,10,11,13,14,15,12
814,1,2,3,4,5,6,7,0,9,10,15,8,13,14,12,11
815,1,2,3,4,5,6,7,8,9,10,11,12,13,14,15,0
816,1,2,0,3,5,6,7,4,9,10,11,8,13,14,15,12
817,1,2,0,3,5,6,7,4,9,10,11,8,13,14,15,12
818,1,2,3,4,5,6,7,8,0,9,10,11,13,14,15,12
819,1,2,3,4,5,6,7,8,9,10,11,12,13,14,15,0
820,1,2,0,3,5,6,7,4,9,10,11,8,13,14,15,12
821,1,2,3,4,5,0,7,8,9,6,10,12,13,14,11,15
822,1,2,3,4,5,6,7,8,9,10,0,12,13,14,11,15
823,1,2,3,4,5,0,7,8,9,6,10,12,13,14,11,15
824,1,2,3,4,5,6,7,8,0,9,10,11,13,14,15,12
825,1,2,0,4,5,6,3,8,9,10,7,11,13,14,15,12
826,1,2,3,4,5,0,7,8,9,6,11,12,13,10,14,15
827,1,2,3,4,5,6,7,0,9,10,15,8,13,14,12,11
828,1,2,3,4,5,6,7,8,9,14,10,11,13,0,15,12
829,1,2,3,4,5,6,7,8,9,10,11,12,13,14,15,0
830,1,2,3,4,5,0,6,8,9,10,7,12,13,14,11,15
831,1,2,0,3,5,6,8,4,9,10,7,15,13,14,12,11
832,1,2,3,4,5,6,7,8,9,10,0,15,13,14,12,11
833,1,2,3,4,5,6,7,8,9,10,11,12,13,0,14,15
834,1,2,3,4,5,0,7,8,9,6,10,11,13,14,15,12
835,1,2,3,4,5,0,7,8,9,6,10,12,13,14,11,15
836,1,2,3,4,5,6,7,8,9,10,0,12,13,14,11,15
837,1,2,3,4,5,6,7,8,9,10,0,11,13,14,15,12
838,0,2,3,4,1,6,7,8,5,9,11,12,13,10,14,15
839,1,2,3,4,5,6,7,8,9,10,0,12,13,14,11,15
840,1,2,3,4,5,10,6,8,9,14,7,12,13,0,11,15
841,1,2,3,4,5,6,7,0,9,10,12,8,13,14,11,15
842,1,2,3,4,9,5,11,7,0,6,10,8,13,14,15,12
843,1,2,3,4,5,6,8,0,9,10,7,11,13,14,15,12
844,1,2,3,4,5,6,7,8,9,11,0,12,13,10,14,15
845,1,2,3,4,5,6,7,0,9,10,12,8,13,14,11,15
846,1,2,3,4,5,0,6,8,9,10,7,12,13,14,11,15
847,1,2,3,4,5,6,8,0,9,10,7,11,13,14,15,12
848,1,2,3,4,5,6,7,8,9,10,0,12,13,14,11,15
849,1,2,3,4,5,6,7,8,9,10,15,11,13,14,12,0
850,1,2,3,4,5,6,7,8,9,10,0,11,13,14,15,12
851,1,2,3,4,9,5,6,8,0,10,7,12,13,14,11,15
852,1,2,3,4,9,5,7,8,0,6,10,12,13,14,11,15
853,1,2,3,4,5,0,6,8,9,10,7,11,13,14,15,12
854,1,2,3,4,5,6,7,8,9,10,0,12,13,14,11,15
855,1,3,0,4,6,2,7,8,5,10,11,12,9,13,14,15
856,1,2,0,4,5,6,3,7,9,10,11,8,13,14,15,12
857,1,2,3,4,5,0,7,8,10,6,11,12,9,13,14,15
858,1,2,3,4,5,6,7,8,9,10,15,11,13,14,12,0
859,1,2,3,4,5,6,7,0,9,10,11,8,13,14,15,12
860,1,2,3,4,5,6,8,0,9,11,7,12,13,10,14,15
861,1,2,3,4,5,6,7,8,0,9,11,12,13,10,14,15
862,1,2,3,4,6,0,7,8,5,10,11,12,9,13,14,15
863,1,2,3,4,5,6,7,8,9,10,11,12,13,0,14,15
864,1,2,3,4,5,6,11,7,9,10,0,8,13,14,15,12
865,1,2,0,4,5,6,3,8,9,11,7,12,13,10,14,15
866,1,3,4,8,5,2,6,0,9,10,7,12,13,14,11,15
867,1,2,3,4,5,6,8,11,9,10,0,7,13,14,15,12
868,1,2,3,4,5,6,7,8,9,10,11,12,13,0,14,15
869,1,2,3,4,5,0,7,8,9,6,10,11,13,14,15,12
870,1,2,3,4,5,6,7,8,9,10,12,15,13,14,11,0
871,0,2,3,4,1,6,7,8,5,10,11,12,9,13,14,15
872,1,2,3,4,5,0,6,8,9,10,7,12,13,14,11,15
873,1,2,3,4,5,10,6,0,9,11,15,7,13,14,12,8
874,1,2,3,4,5,6,7,8,9,10,11,12,13,14,15,0
875,1,2,3,4,5,7,11,8,9,6,0,12,13,10,14,15
876,1,2,3,4,5,6,7,8,9,10,0,12,13,14,11,15
877,2,5,7,3,1,0,6,4,9,10,11,8,13,14,15,12
878,1,2,0,4,5,6,3,7,9,10,11,8,13,14,15,12
879,1,2,3,4,5,0,7,8,9,6,14,11,13,15,10,12
880,0,1,2,8,5,6,4,3,9,10,7,11,13,14,15,12
881,1,2,3,4,5,6,7,8,10,13,11,12,9,0,14,15
882,1,2,3,4,5,6,7,8,9,10,11,12,13,14,15,0
883,1,2,3,4,5,11,7,0,9,6,10,8,13,14,15,12
884,1,2,0,4,5,7,3,8,9,6,10,12,13,14,11,15
885,1,2,3,4,5,6,7,8,9,10,0,12,13,14,11,15
886,1,2,3,4,5,6,7,8,9,10,11,12,13,0,14,15
887,1,2,3,4,5,6,7,8,9,14,10,11,13,0,15,12
888,1,2,3,4,5,6,7,8,9,11,0,12,13,10,14,15
889,1,2,4,8,5,0,6,3,9,10,7,12,13,14,11,15
890,1,2,3,4,5,6,8,11,9,10,7,12,13,14,15,0
891,1,2,3,4,5,0,7,8,9,6,15,11,13,10,14,12
892,1,2,3,4,5,6,7,8,9,11,0,12,13,10,14,15
893,1,2,3,4,5,6,7,8,0,9,10,12,13,14,11,15
894,1,2,3,4,5,6,7,0,9,11,12,8,13,10,14,15
895,1,2,7,3,5,6,4,0,9,10,12,8,13,14,11,15
896,1,2,4,8,5,6,7,3,9,10,0,12,13,14,11,15
897,1,2,3,4,6,0,7,8,5,10,11,12,9,13,14,15
898,0,2,3,4,1,5,6,8,9,10,7,11,13,14,15,12
899,1,2,3,4,5,10,6,8,9,7,0,12,13,14,11,15
900,1,2,3,4,5,0,6,7,9,10,11,8,13,14,15,12
901,1,6,2,3,5,0,7,4,9,10,11,8,13,14,15,12
902,1,2,3,4,5,6,7,8,9,10,0,11,13,14,15,12
903,1,2,3,4,5,6,11,7,9,10,15,8,13,0,14,12
904,1,2,3,4,5,6,7,8,0,9,10,15,13,14,12,11
905,1,6,2,3,5,10,7,4,9,11,0,8,13,14,15,12
906,1,2,0,4,5,6,3,8,9,10,7,11,13,14,15,12
907,1,2,3,4,5,10,6,7,9,14,11,8,13,0,15,12
908,1,2,3,4,5,0,7,8,9,6,11,12,13,10,14,15
909,1,2,3,4,5,6,7,8,9,14,10,12,13,0,11,15
910,1,2,3,4,5,6,8,0,9,10,7,11,13,14,15,12
911,1,2,3,4,5,6,7,8,0,14,10,12,9,13,11,15
912,1,2,3,4,5,6,7,0,9,10,11,8,13,14,15,12
913,1,2,3,4,5,6,7,8,0,9,10,12,13,14,11,15
914,1,2,3,4,5,6,7,8,9,10,11,12,13,14,15,0
915,1,2,3,4,5,6,8,0,9,10,7,11,13,14,15,12
916,1,2,3,4,5,6,8,0,9,10,7,11,13,14,15,12
917,1,2,3,4,5,6,7,8,9,14,10,11,13,0,15,12
918,1,2,3,4,5,6,7,8,9,10,0,11,13,14,15,12
919,1,2,0,3,5,6,8,4,9,10,7,11,13,14,15,12
920,1,2,3,4,5,6,7,8,0,9,10,11,13,14,15,12
921,1,2,3,4,5,6,7,8,9,10,0,11,13,14,15,12
922,1,2,4,7,5,6,3,0,9,10,11,8,13,14,15,12
923,1,2,3,4,5,6,7,8,9,10,11,12,13,14,15,0
924,1,2,3,4,5,6,7,8,0,9,10,11,13,14,15,12
925,1,2,3,4,5,6,7,8,0,9,10,12,13,14,11,15
926,1,2,3,4,5,6,7,8,9,10,0,11,13,14,15,12
927,1,2,3,4,5,6,7,0,9,10,11,8,13,14,15,12
928,1,2,3,4,5,6,7,8,9,10,15,11,13,14,12,0
929,1,2,0,4,5,6,3,8,9,10,7,12,13,14,11,15
930,1,2,3,4,5,0,7,8,9,6,10,12,13,14,11,15
931,1,2,3,4,5,0,6,8,9,10,7,12,13,14,11,15
932,1,3,0,4,5,2,6,8,9,10,7,11,13,14,15,12
933,0,2,3,4,1,6,7,8,5,10,15,11,9,13,14,12
934,1,2,3,4,5,6,7,8,0,10,11,12,9,13,14,15
935,1,2,3,4,5,10,6,8,9,14,7,11,13,0,15,12
936,1,2,3,4,5,7,11,8,9,6,12,15,13,10,14,0
937,1,2,7,3,5,6,12,4,9,10,0,8,13,14,11,15
938,1,2,3,4,5,6,7,8,9,10,11,12,13,14,15,0
939,1,2,3,4,5,6,7,0,9,10,11,8,13,14,15,12
940,1,2,3,4,5,0,7,8,9,6,11,12,13,10,14,15
941,1,2,3,4,9,5,7,8,0,6,10,11,13,14,15,12
942,1,2,3,4,5,6,7,8,9,11,0,12,13,10,14,15
943,1,2,3,4,5,6,7,0,9,10,11,8,13,14,15,12
944,0,1,3,4,5,2,7,8,9,6,11,12,13,10,14,15
945,1,2,3,4,5,6,7,0,9,10,11,8,13,14,15,12
946,1,2,3,4,5,6,11,7,9,10,15,8,13,14,12,0
947,1,2,3,4,5,6,7,8,9,10,15,11,13,0,14,12
948,1,2,3,4,5,6,7,0,9,10,11,8,13,14,15,12
949,1,2,3,4,5,6,7,8,0,10,11,12,9,13,14,15
950,1,2,3,4,5,7,11,8,9,6,14,12,13,0,10,15
951,1,2,3,4,5,6,7,0,9,10,12,8,13,14,11,15
952,1,2,0,4,5,6,3,8,9,10,7,11,13,14,15,12
953,5,1,2,3,9,6,7,4,13,10,11,8,14,0,15,12
954,1,2,3,4,5,6,7,0,9,10,11,8,13,14,15,12
955,1,2,3,4,5,0,7,8,9,6,10,12,13,14,11,15
956,1,2,3,4,5,6,7,8,9,10,12,15,13,14,11,0
957,1,2,7,3,5,6,4,0,9,10,11,8,13,14,15,12
958,1,2,3,4,5,6,7,8,9,10,11,12,13,14,15,0
959,1,2,3,4,5,6,7,8,9,14,10,11,13,0,15,12
960,1,2,3,4,5,6,7,8,9,10,0,11,13,14,15,12
961,1,2,3,4,5,0,7,8,9,6,10,12,13,14,11,15
962,1,2,3,4,5,6,7,8,9,10,0,12,13,14,11,15
963,1,2,3,4,5,6,7,8,0,9,10,12,13,14,11,15
964,1,2,3,4,5,6,7,8,0,10,11,12,9,13,14,15
965,1,2,3,4,5,6,7,8,9,10,11,12,13,14,15,0
966,1,2,3,4,5,6,7,8,9,10,11,12,13,0,14,15
967,1,2,3,4,5,6,7,8,9,10,0,12,13,14,11,15
968,2,6,3,4,1,10,7,8,5,11,0,12,9,13,14,15
969,1,2,3,4,5,6,7,8,9,10,0,12,13,14,11,15
970,1,2,3,4,5,6,7,8,9,10,12,15,13,14,11,0
971,1,2,3,4,5,6,8,12,9,10,7,15,13,0,14,11
972,1,6,2,3,5,0,7,4,9,10,11,8,13,14,15,12
973,1,2,3,4,5,6,7,8,9,14,10,12,13,0,11,15
974,1,2,3,4,5,6,7,8,9,14,0,12,13,11,10,15
975,1,3,7,4,5,2,10,8,9,6,0,11,13,14,15,12
976,0,1,3,4,5,2,6,8,9,10,7,11,13,14,15,12
977,1,2,0,3,5,6,8,4,9,10,7,11,13,14,15,12
978,0,2,3,4,1,5,7,8,9,6,10,12,13,14,11,15
979,1,2,3,4,5,6,7,8,9,10,11,12,13,14,15,0
980,1,2,3,4,5,6,7,8,9,14,10,12,13,0,11,15
981,1,3,0,4,5,2,7,8,9,6,11,12,13,10,14,15
982,1,2,3,4,5,6,7,8,9,10,0,12,13,14,11,15
983,1,2,3,4,5,6,7,8,9,10,0,11,13,14,15,12
984,1,2,3,4,5,0,7,8,9,6,15,11,13,10,14,12
985,1,2,3,4,5,6,8,0,9,10,7,11,13,14,15,12
986,1,2,3,4,5,6,7,8,9,10,15,11,13,14,12,0
987,1,2,3,4,5,6,7,0,9,10,11,8,13,14,15,12
988,1,2,3,4,5,6,7,8,9,10,11,12,13,0,14,15
989,1,2,3,4,5,6,8,0,9,10,7,11,13,14,15,12
990,1,2,3,4,5,6,7,0,9,10,11,8,13,14,15,12
991,1,2,3,4,5,6,11,7,9,10,0,8,13,14,15,12
992,1,2,3,4,5,6,7,0,9,10,12,8,13,14,11,15
993,1,2,3,4,5,6,7,8,9,10,0,12,13,14,11,15
994,2,6,3,4,5,1,7,8,0,9,11,12,13,10,14,15
995,1,2,3,4,5,6,7,8,9,10,0,11,13,14,15,12
996,1,2,0,4,5,6,3,7,9,10,11,8,13,14,15,12
997,1,2,4,7,5,6,3,0,9,10,11,8,13,14,15,12
998,1,2,3,4,5,0,6,7,9,10,11,8,13,14,15,12
999,1,2,0,4,5,6,3,8,9,10,7,12,13,14,11,15
1000,1,2,3,4,5,6,7,8,9,14,10,11,13,0,15,12
1001,1,2,3,4,5,6,7,8,10,11,0,12,9,13,14,15
1002,1,2,3,4,5,6,7,0,9,10,12,8,13,14,11,15
1003,1,2,3,4,5,6,7,8,9,14,10,11,13,15,12,0
1004,1,2,0,4,5,6,3,8,9,10,7,12,13,14,11,15
1005,1,2,3,4,5,0,6,8,9,10,7,12,13,14,11,15
1006,1,2,3,4,5,6,7,8,9,10,15,11,13,0,14,12
1007,1,2,0,3,5,6,7,4,9,10,11,8,13,14,15,12
1008,1,2,3,4,5,0,7,8,9,6,10,11,13,14,15,12
1009,1,2,0,4,5,6,3,8,9,10,7,11,13,14,15,12
1010,1,2,3,4,5,6,7,8,9,14,10,12,13,0,11,15
1011,1,2,3,4,5,6,7,0,9,11,12,8,13,10,14,15
1012,1,2,3,4,5,6,7,8,9,11,0,12,13,10,14,15
1013,1,2,3,4,5,6,7,8,0,9,11,12,13,10,14,15
1014,1,2,8,3,5,6,4,0,9,10,7,12,13,14,11,15
1015,1,2,3,4,5,6,7,8,9,10,0,12,13,14,11,15
1016,1,2,3,4,5,6,7,8,0,10,11,12,9,13,14,15
1017,1,2,3,4,5,6,7,8,9,10,11,12,13,0,14,15
1018,1,2,3,4,5,6,7,8,9,10,11,12,13,14,15,0
1019,1,2,7,3,5,6,4,0,9,10,11,8,13,14,15,12
1020,1,2,3,4,5,6,7,8,9,10,11,12,13,14,15,0
1021,1,2,3,4,5,6,7,8,9,10,11,12,13,0,14,15
1022,1,2,3,4,5,6,7,8,9,10,0,11,13,14,15,12
1023,1,2,0,4,5,6,3,7,9,10,12,8,13,14,11,15
1024,1,2,3,4,5,6,7,8,0,10,11,12,9,13,14,15
1025,5,1,3,4,9,2,6,8,0,10,7,12,13,14,11,15
1026,1,2,3,4,9,5,6,8,0,10,7,11,13,14,15,12
1027,1,2,3,4,5,6,7,8,9,10,12,15,13,14,11,0
1028,1,2,0,4,5,6,3,8,9,10,7,11,13,14,15,12
1029,1,6,2,4,5,0,3,7,9,10,11,8,13,14,15,12
1030,1,2,3,4,5,6,7,8,9,10,0,15,13,14,12,11
1031,1,2,3,4,5,6,7,8,9,14,10,11,13,0,15,12
1032,1,2,3,4,5,0,6,7,9,10,11,8,13,14,15,12
1033,1,2,3,4,5,6,7,8,0,10,11,12,9,13,14,15
1034,1,2,3,4,5,6,7,8,0,9,10,12,13,14,11,15
1035,1,2,3,4,5,6,7,8,9,14,10,12,13,0,11,15
1036,1,2,0,4,5,6,3,8,9,10,7,12,13,14,11,15
1037,1,2,3,4,5,6,7,0,9,10,11,8,13,14,15,12
1038,1,2,3,4,5,6,7,8,9,10,0,11,13,14,15,12
1039,1,2,3,4,5,6,7,8,9,11,0,12,13,10,14,15
1040,1,2,3,4,5,6,7,8,9,10,11,12,13,0,14,15
1041,1,2,3,4,5,6,7,8,9,14,10,11,13,15,12,0
1042,1,2,3,4,5,6,8,0,9,10,7,11,13,14,15,12
1043,1,2,3,4,5,6,7,0,9,10,12,8,13,14,11,15
1044,1,2,3,4,5,6,7,8,9,10,15,11,13,14,12,0
1045,1,2,3,4,6,9,7,8,5,10,11,12,13,14,15,0
1046,1,2,3,4,5,6,7,8,0,10,11,12,9,13,14,15
1047,1,2,3,4,5,6,7,8,9,10,11,12,13,0,14,15
1048,1,2,3,4,6,7,10,8,5,9,0,12,13,14,11,15
1049,1,2,3,4,9,6,7,0,10,5,11,8,13,14,15,12
1050,1,2,3,4,5,6,7,0,9,10,11,8,13,14,15,12
1051,1,2,3,4,5,6,7,0,9,10,11,8,13,14,15,12
1052,1,2,3,4,5,0,6,8,9,10,7,12,13,14,11,15
1053,1,2,3,4,5,6,7,8,9,10,0,12,13,14,11,15
1054,1,2,3,4,5,0,7,8,9,6,11,12,13,10,14,15
1055,1,2,0,3,5,6,7,4,9,10,11,8,13,14,15,12
1056,1,2,3,4,5,6,7,0,9,10,11,8,13,14,15,12
1057,0,1,3,4,5,2,6,8,9,10,7,11,13,14,15,12
1058,1,6,0,3,5,7,2,4,9,10,11,8,13,14,15,12
1059,1,2,3,4,5,6,7,8,9,10,11,12,13,0,14,15
1060,1,2,3,4,6,0,7,8,5,10,11,12,9,13,14,15
1061,1,2,0,3,5,6,7,4,9,10,15,8,13,14,12,11
1062,1,2,3,4,5,6,7,8,9,14,10,12,13,0,11,15
1063,0,1,2,3,5,6,7,4,9,10,11,8,13,14,15,12
1064,1,3,4,7,5,2,6,0,9,10,11,8,13,14,15,12
1065,1,2,3,4,5,6,7,8,9,10,0,11,13,14,15,12
1066,1,2,3,4,5,0,7,8,9,6,10,11,13,14,15,12
1067,1,2,0,3,5,6,7,4,9,10,11,8,13,14,15,12
1068,1,2,7,3,5,10,6,4,9,14,11,8,13,0,15,12
1069,1,2,3,4,5,6,7,8,9,10,15,11,13,0,14,12
1070,1,2,7,3,5,0,6,4,9,10,11,8,13,14,15,12
1071,1,2,3,4,5,6,7,8,9,10,0,12,13,14,11,15
1072,1,2,3,4,5,6,7,8,9,10,0,11,13,14,15,12
1073,0,2,3,4,1,5,6,7,9,10,11,8,13,14,15,12
1074,1,2,3,4,5,6,7,0,9,10,11,8,13,14,15,12
1075,1,2,3,4,5,6,8,0,9,10,7,12,13,14,11,15
1076,1,2,3,4,5,6,7,8,9,10,11,12,13,0,14,15
1077,1,2,3,4,5,6,7,8,9,10,0,11,13,14,15,12
1078,1,2,3,4,5,0,6,8,9,10,7,12,13,14,11,15
1079,1,2,3,4,5,6,7,8,0,9,10,12,13,14,11,15
1080,1,2,3,4,5,0,6,8,9,10,7,11,13,14,15,12
1081,1,2,3,4,5,6,7,8,9,10,15,11,13,14,12,0
1082,1,2,3,4,5,6,7,8,9,14,10,11,13,0,15,12
1083,1,2,3,4,5,6,7,8,10,13,11,12,9,0,14,15
1084,1,2,3,4,5,6,7,8,10,11,0,12,9,13,14,15
1085,1,2,3,4,5,6,7,8,9,11,14,12,13,0,10,15
1086,1,2,3,4,5,6,7,8,9,10,0,12,13,14,11,15
1087,1,2,3,4,6,0,7,8,5,10,11,12,9,13,14,15
1088,1,2,0,4,5,6,3,8,9,10,7,12,13,14,11,15
1089,1,2,3,4,5,6,7,8,9,10,0,12,13,14,11,15
1090,1,2,3,4,5,6,11,7,9,10,0,8,13,14,15,12
1091,1,2,3,4,5,6,7,8,0,13,10,12,14,9,11,15
1092,1,2,3,4,5,6,7,8,0,10,11,12,9,13,14,15
1093,1,2,0,3,5,6,8,4,9,10,7,11,13,14,15,12
1094,1,2,3,4,5,6,7,8,9,15,0,11,13,10,14,12
1095,1,2,3,4,5,0,7,8,9,6,10,11,13,14,15,12
1096,0,2,3,4,1,6,7,8,5,9,11,12,13,10,14,15
1097,1,2,3,4,5,6,7,0,9,10,11,8,13,14,15,12
1098,1,2,0,3,5,6,7,4,9,10,11,8,13,14,15,12
1099,1,2,3,4,5,6,7,8,9,11,12,15,13,10,14,0
1100,1,2,3,4,5,6,11,7,9,10,8,12,13,14,15,0
1101,1,2,3,4,5,6,7,8,9,10,11,12,13,0,14,15
1102,1,2,3,4,5,6,7,8,9,10,0,12,13,14,11,15
1103,0,2,3,4,1,5,6,8,9,10,7,12,13,14,11,15
1104,1,2,3,4,5,6,7,8,9,14,10,12,13,11,15,0
1105,1,2,3,4,5,6,7,8,0,9,10,11,13,14,15,12
1106,1,2,3,4,5,6,11,7,9,15,0,8,13,10,14,12
1107,1,2,3,4,5,6,7,8,9,10,11,12,13,14,15,0
1108,1,2,3,4,9,5,7,8,0,6,10,12,13,14,11,15
1109,1,2,0,3,5,6,7,4,9,10,12,8,13,14,11,15
1110,1,2,4,7,5,0,6,3,9,10,11,8,13,14,15,12
1111,1,2,3,4,5,0,6,7,9,10,12,8,13,14,11,15
1112,1,2,3,4,5,10,6,8,0,9,7,12,13,14,11,15
1113,1,2,3,4,5,0,7,8,9,6,10,11,13,14,15,12
1114,1,3,7,4,5,2,8,0,9,6,11,12,13,10,14,15
1115,1,2,3,4,5,0,6,7,9,10,11,8,13,14,15,12
1116,2,3,7,4,1,0,6,8,5,10,11,12,9,13,14,15
1117,1,6,2,3,5,10,7,4,9,14,11,8,13,0,15,12
1118,1,2,3,4,5,6,7,8,0,9,11,12,13,10,14,15
1119,1,2,3,4,9,5,7,8,0,6,11,12,13,10,14,15
1120,1,2,0,4,5,6,3,8,9,10,7,11,13,14,15,12
1121,1,2,3,4,5,6,11,7,0,9,10,8,13,14,15,12
1122,1,6,2,4,5,0,3,7,9,10,11,8,13,14,15,12
1123,1,2,3,4,5,6,11,7,9,10,0,8,13,14,15,12
1124,1,2,3,4,5,6,7,0,9,10,11,8,13,14,15,12
1125,1,2,3,4,5,6,11,7,9,10,15,8,13,0,14,12
1126,5,1,2,4,6,0,3,8,9,10,7,12,13,14,11,15
1127,1,2,3,4,5,6,7,8,0,9,11,12,13,10,14,15
1128,1,2,3,4,5,6,7,8,9,10,0,11,13,14,15,12
1129,1,2,3,4,5,6,7,8,9,10,11,12,13,14,15,0
1130,2,3,7,4,1,6,10,8,5,9,0,11,13,14,15,12
1131,1,2,3,4,5,6,7,0,9,10,11,8,13,14,15,12
1132,5,1,3,4,9,2,7,8,13,6,10,11,14,0,15,12
1133,1,2,3,4,5,6,7,0,9,10,11,8,13,14,15,12
1134,1,2,3,4,5,6,7,8,0,9,11,12,13,10,14,15
1135,1,2,3,4,5,10,6,8,9,7,15,11,13,14,12,0
1136,1,2,3,4,6,9,7,8,5,11,0,12,13,10,14,15
1137,1,2,3,4,5,6,7,8,0,14,10,12,9,13,11,15
1138,1,3,4,8,5,2,7,0,9,6,10,12,13,14,11,15
1139,1,2,3,4,5,6,8,0,9,10,7,12,13,14,11,15
1140,1,2,0,4,5,6,3,7,9,10,11,8,13,14,15,12
1141,1,2,3,4,5,0,7,8,9,6,11,12,13,10,14,15
1142,1,2,4,8,5,6,3,0,9,10,7,12,13,14,11,15
1143,1,2,3,4,5,6,7,8,9,10,0,11,13,14,15,12
1144,1,2,3,4,5,0,6,8,9,10,7,12,13,14,11,15
1145,1,2,3,4,5,6,7,8,9,11,12,15,13,10,14,0
1146,1,2,3,4,5,6,7,8,9,10,0,12,13,14,11,15
1147,1,2,3,4,9,5,7,8,0,6,11,12,13,10,14,15
1148,1,2,3,4,5,0,7,8,9,6,10,11,13,14,15,12
1149,1,2,3,4,5,6,7,8,9,10,0,11,13,14,15,12
1150,1,2,3,4,5,10,6,8,9,7,0,11,13,14,15,12
1151,1,2,3,4,5,0,7,8,9,6,10,12,13,14,11,15
1152,1,2,3,4,5,6,7,8,9,10,0,11,13,14,15,12
1153,1,2,3,4,5,6,7,8,9,10,11,12,13,0,14,15
1154,1,2,3,4,5,6,8,0,9,10,7,11,13,14,15,12
1155,5,1,3,4,9,2,7,8,0,6,10,12,13,14,11,15
1156,1,2,3,4,5,6,7,8,9,10,0,11,13,14,15,12
1157,1,2,3,4,5,6,7,8,9,10,12,15,13,14,11,0
1158,1,2,3,4,5,0,7,8,9,6,11,12,13,10,14,15
1159,1,2,0,3,5,6,7,4,9,10,11,8,13,14,15,12
1160,1,2,3,4,5,6,7,8,9,15,0,11,13,10,14,12
1161,1,6,2,3,5,0,8,4,9,10,7,12,13,14,11,15
1162,0,1,3,4,5,2,7,8,9,6,10,12,13,14,11,15
1163,1,2,3,4,5,6,11,7,9,14,10,8,13,0,15,12
1164,1,2,0,4,5,6,3,7,9,10,11,8,13,14,15,12
1165,1,2,3,4,5,6,7,0,9,10,11,8,13,14,15,12
1166,1,2,3,4,5,6,7,8,9,10,15,11,13,14,12,0
1167,1,3,0,4,6,2,7,8,5,9,11,12,13,10,14,15
1168,1,2,0,4,5,6,3,8,9,10,7,11,13,14,15,12
1169,1,2,3,4,5,6,7,0,9,10,11,8,13,14,15,12
1170,1,2,3,4,5,6,7,8,9,10,0,12,13,14,11,15
1171,1,2,3,4,5,6,7,0,9,10,11,8,13,14,15,12
1172,0,2,3,4,1,6,7,8,5,9,10,12,13,14,11,15
1173,1,2,0,4,5,7,3,8,9,6,11,12,13,10,14,15
1174,1,2,3,4,6,7,11,8,5,10,0,12,9,13,14,15
1175,1,2,3,4,5,6,7,8,9,10,0,12,13,14,11,15
1176,1,2,3,4,5,6,8,12,9,10,7,15,13,0,14,11
1177,1,2,3,4,5,6,7,8,9,10,11,12,13,0,14,15
1178,1,2,3,4,5,6,7,8,9,10,0,12,13,14,11,15
1179,1,2,3,4,5,6,7,8,9,10,11,12,13,0,14,15
1180,1,2,3,4,5,0,7,8,9,6,10,11,13,14,15,12
1181,1,2,3,4,5,0,6,7,9,10,11,8,13,14,15,12
1182,1,2,3,4,5,6,7,8,9,10,12,15,13,14,11,0
1183,1,2,3,4,5,6,8,0,9,10,7,12,13,14,11,15
1184,1,2,3,4,5,6,7,8,9,10,0,12,13,14,11,15
1185,1,2,3,4,5,6,7,0,9,10,12,8,13,14,11,15
1186,2,3,0,4,1,10,6,8,5,9,7,11,13,14,15,12
1187,1,2,3,4,5,6,7,8,9,14,10,12,13,0,11,15
1188,0,2,3,4,1,6,7,8,5,10,15,11,9,13,14,12
1189,1,2,3,4,5,6,7,8,13,9,0,11,14,15,10,12
1190,1,2,3,4,5,6,8,11,9,10,0,7,13,14,15,12
1191,1,2,3,4,5,6,7,8,9,10,0,12,13,14,11,15
1192,1,2,3,4,6,0,7,8,5,14,10,12,9,13,11,15
1193,1,2,3,4,5,6,7,8,9,10,11,12,13,14,15,0
1194,1,2,3,4,5,6,7,8,9,10,0,11,13,14,15,12
1195,1,2,3,4,5,6,7,8,9,11,0,12,13,10,14,15
1196,1,2,3,4,5,6,7,8,9,10,12,15,13,14,11,0
1197,1,2,3,4,5,6,7,8,9,10,11,12,13,14,15,0
1198,1,2,3,4,5,6,7,8,0,14,10,11,9,13,15,12
1199,1,2,3,4,6,7,10,8,5,9,0,11,13,14,15,12
1200,1,2,3,4,5,6,12,7,9,10,0,8,13,14,11,15
1201,1,2,3,4,5,6,7,8,9,10,12,15,13,14,11,0
1202,1,2,3,4,5,6,7,8,9,14,10,12,13,11,15,0
1203,1,2,3,4,5,6,7,8,9,10,11,12,13,14,15,0
1204,1,2,3,4,5,6,7,8,0,9,11,12,13,10,14,15
1205,1,2,3,4,5,7,8,0,9,6,11,12,13,10,14,15
1206,1,2,3,4,5,0,7,8,9,6,10,12,13,14,11,15
1207,1,2,0,3,5,6,8,4,9,10,7,12,13,14,11,15
1208,1,2,3,4,5,0,6,8,9,10,7,12,13,14,11,15
1209,2,3,0,4,1,6,7,8,5,9,10,12,13,14,11,15
1210,1,2,3,4,5,6,7,8,0,10,11,12,9,13,14,15
1211,1,2,3,4,5,6,7,8,9,10,0,11,13,14,15,12
1212,0,1,2,4,5,6,3,7,9,10,11,8,13,14,15,12
1213,1,2,3,4,5,6,7,8,9,15,0,11,13,10,14,12
1214,1,2,0,3,5,6,7,4,9,10,12,8,13,14,11,15
1215,1,2,3,4,5,6,7,8,9,10,0,11,13,14,15,12
1216,1,2,3,4,5,6,7,0,9,10,11,8,13,14,15,12
1217,1,2,3,4,5,6,7,8,13,9,15,11,10,0,14,12
1218,1,2,0,3,5,6,7,4,9,10,11,8,13,14,15,12
1219,1,2,3,4,5,6,7,8,9,10,11,12,13,14,15,0
1220,1,2,3,4,5,6,7,8,9,10,11,12,13,14,15,0
1221,1,2,3,4,5,6,7,8,9,10,0,11,13,14,15,12
1222,1,2,3,4,5,0,7,8,9,6,10,12,13,14,11,15
1223,1,2,3,4,5,6,7,8,9,11,14,12,13,10,15,0
1224,1,2,3,4,5,6,7,8,9,10,15,11,13,0,14,12
1225,1,2,3,4,5,6,7,8,9,10,0,12,13,14,11,15
1226,1,2,3,4,5,6,11,7,9,10,0,8,13,14,15,12
1227,1,2,3,4,5,0,6,7,9,10,11,8,13,14,15,12
1228,1,2,3,4,5,6,7,8,9,10,0,12,13,14,11,15
1229,1,2,3,4,5,6,7,8,9,10,0,12,13,14,11,15
1230,1,2,4,8,5,6,3,0,9,10,7,12,13,14,11,15
1231,1,2,3,4,5,6,7,8,9,14,0,11,13,15,10,12
1232,1,2,3,4,5,6,7,8,9,10,11,12,13,14,15,0
1233,0,1,3,4,6,2,7,8,5,10,11,12,9,13,14,15
1234,1,2,3,4,5,6,7,8,9,14,10,11,13,0,15,12
1235,1,2,3,4,5,6,7,0,9,10,11,8,13,14,15,12
1236,1,2,3,4,5,6,7,8,9,10,12,15,13,0,14,11
1237,1,2,3,4,5,6,7,8,9,10,0,12,13,14,11,15
1238,1,2,3,4,5,10,6,8,9,7,0,11,13,14,15,12
1239,1,2,3,4,5,6,7,8,9,10,12,15,13,14,11,0
1240,1,2,3,4,5,6,7,8,9,14,10,11,13,0,15,12
1241,1,2,7,3,5,6,4,0,9,10,11,8,13,14,15,12
1242,1,2,3,4,5,6,7,8,9,10,0,11,13,14,15,12
1243,1,2,3,4,5,6,7,8,9,10,11,12,13,14,15,0
1244,1,2,3,4,5,6,8,0,9,11,7,12,13,10,14,15
1245,1,6,2,4,5,0,3,8,9,10,7,11,13,14,15,12
1246,1,2,3,4,5,6,11,7,9,10,0,12,13,14,8,15
1247,0,1,2,4,6,7,3,8,5,9,10,11,13,14,15,12
1248,1,2,3,4,5,6,7,8,9,11,14,12,13,10,15,0
1249,1,2,3,4,5,10,6,8,9,7,0,11,13,14,15,12
1250,1,2,3,4,5,0,6,7,9,10,12,8,13,14,11,15
1251,1,2,0,4,5,6,3,7,9,10,11,8,13,14,15,12
1252,1,2,3,4,5,6,7,8,9,14,10,11,13,0,15,12
1253,0,1,3,4,5,2,7,8,9,6,15,11,13,10,14,12
1254,1,2,3,4,5,6,7,8,0,10,11,12,9,13,14,15
1255,1,2,3,4,5,0,6,7,9,10,11,8,13,14,15,12
1256,1,2,3,4,5,6,8,0,9,10,7,11,13,14,15,12
1257,1,2,3,4,5,6,7,8,0,9,11,12,13,10,14,15
1258,0,2,3,4,1,6,7,8,5,9,11,12,13,10,14,15
1259,1,2,3,4,5,6,7,8,9,11,0,12,13,10,14,15
1260,1,2,3,4,5,6,7,8,9,10,0,11,13,14,15,12
1261,1,2,3,4,5,0,6,8,9,10,7,11,13,14,15,12
1262,1,2,0,4,5,6,3,7,9,10,11,8,13,14,15,12
1263,1,2,3,4,5,6,11,7,9,10,0,8,13,14,15,12
1264,1,2,3,4,5,0,6,7,9,10,11,8,13,14,15,12
1265,1,2,3,4,5,6,7,8,9,10,11,12,13,0,14,15
1266,1,2,0,3,5,6,7,4,9,10,11,8,13,14,15,12
1267,1,2,3,4,5,6,7,8,9,10,0,11,13,14,15,12
1268,1,2,3,4,5,6,11,7,9,10,8,12,13,14,15,0
1269,1,2,3,4,5,6,7,0,9,10,11,8,13,14,15,12
1270,0,1,3,4,6,2,7,8,5,9,10,11,13,14,15,12
1271,1,3,0,4,6,2,7,8,5,10,11,12,9,13,14,15
1272,1,2,7,3,5,10,6,4,0,14,11,8,9,13,15,12
1273,1,2,3,4,5,6,7,8,9,10,15,11,13,14,12,0
1274,1,2,3,4,5,6,8,11,9,10,0,7,13,14,15,12
1275,1,2,0,3,5,6,8,4,9,10,7,12,13,14,11,15
1276,1,2,3,4,5,6,7,0,9,10,11,8,13,14,15,12
1277,1,2,3,4,5,6,7,8,0,10,11,12,9,13,14,15
1278,1,2,0,4,5,6,3,8,9,11,7,12,13,10,14,15
1279,1,2,3,4,5,6,7,8,0,10,12,15,9,13,14,11
1280,1,2,3,4,5,6,11,7,9,10,0,8,13,14,15,12
1281,5,1,3,4,2,0,6,7,9,10,11,8,13,14,15,12
1282,1,2,3,4,6,0,7,8,5,9,10,11,13,14,15,12
1283,1,2,3,4,5,6,7,8,9,10,11,12,13,0,14,15
1284,1,6,2,4,5,10,3,7,9,11,0,8,13,14,15,12
1285,1,2,3,4,5,6,7,8,0,9,10,11,13,14,15,12
1286,0,2,3,4,1,6,7,8,5,9,10,11,13,14,15,12
1287,1,2,3,4,5,6,11,7,9,14,10,8,13,0,15,12
1288,0,1,2,4,5,6,3,8,9,10,7,12,13,14,11,15
1289,1,2,3,4,5,6,7,8,0,10,15,11,9,13,14,12
1290,1,6,2,4,5,10,3,8,9,14,7,11,13,0,15,12
1291,1,2,3,4,5,6,7,0,9,10,11,8,13,14,15,12
1292,5,1,0,4,2,6,3,7,9,10,11,8,13,14,15,12
1293,1,2,3,4,5,6,7,8,9,10,11,12,13,14,15,0
1294,1,2,0,8,5,6,4,3,9,10,7,12,13,14,11,15
1295,1,2,0,4,5,6,3,7,9,10,11,8,13,14,15,12
1296,1,3,7,4,5,0,2,8,10,6,11,12,9,13,14,15
1297,1,2,3,4,5,6,7,8,9,10,11,12,13,14,15,0
1298,1,3,0,8,5,2,4,7,9,6,11,12,13,10,14,15
1299,2,3,0,4,1,6,7,8,5,10,11,12,9,13,14,15
1300,1,2,3,4,5,6,7,0,9,10,11,8,13,14,15,12
1301,1,2,3,4,5,6,7,8,9,10,11,12,13,14,15,0
1302,1,2,3,4,5,6,7,8,9,10,0,12,13,14,11,15
1303,1,2,3,4,5,6,7,8,9,10,0,11,13,14,15,12
1304,1,2,0,3,5,6,7,4,9,10,12,8,13,14,11,15
1305,1,7,2,4,5,0,3,8,9,6,10,11,13,14,15,12
1306,1,2,3,4,5,6,7,0,9,10,11,8,13,14,15,12
1307,1,2,0,3,5,6,7,4,9,10,11,8,13,14,15,12
1308,1,2,3,4,5,6,7,8,9,10,15,11,13,0,14,12
1309,1,2,3,4,5,6,7,8,9,14,10,11,13,0,15,12
1310,1,2,3,4,5,6,7,8,0,9,10,12,13,14,11,15
1311,1,2,3,4,5,6,7,0,9,10,12,8,13,14,11,15
1312,1,2,3,4,5,6,7,0,9,10,11,8,13,14,15,12
1313,1,2,3,4,5,6,8,0,9,10,7,12,13,14,11,15
1314,1,2,3,4,5,6,7,8,9,10,11,12,13,0,14,15
1315,1,2,0,3,5,6,7,4,9,10,11,8,13,14,15,12
1316,1,2,0,4,5,6,3,8,9,10,7,12,13,14,11,15
1317,1,2,3,4,5,6,7,8,9,10,0,15,13,14,12,11
1318,1,2,3,4,5,6,7,8,9,10,11,12,13,0,14,15
1319,1,2,3,4,5,6,7,8,9,10,15,11,13,0,14,12
1320,1,2,3,4,5,6,7,8,9,10,0,12,13,14,11,15
1321,1,2,7,3,5,6,11,4,9,10,0,8,13,14,15,12
1322,1,2,3,4,5,6,7,0,9,10,12,8,13,14,11,15
1323,1,2,3,4,5,6,7,0,9,10,12,8,13,14,11,15
1324,1,2,3,4,5,6,7,8,9,11,12,15,13,10,14,0
1325,1,2,3,4,5,6,7,8,0,10,11,12,9,13,14,15
1326,1,2,0,4,5,6,3,7,9,10,11,8,13,14,15,12
1327,1,2,3,4,5,6,7,8,9,10,11,12,13,0,14,15
1328,1,2,3,4,5,6,7,8,10,13,0,12,9,14,11,15
1329,1,2,3,4,5,7,10,8,9,6,0,11,13,14,15,12
1330,1,2,3,4,5,6,7,8,9,10,0,15,13,14,12,11
1331,1,2,0,4,5,6,3,7,9,15,11,8,13,10,14,12
1332,1,2,3,4,5,6,7,8,9,10,0,11,13,14,15,12
1333,1,2,3,4,5,6,7,8,0,9,10,11,13,14,15,12
1334,1,2,3,4,5,6,11,7,9,10,15,8,13,14,12,0
1335,1,2,3,4,5,6,8,11,9,10,0,7,13,14,15,12
1336,1,2,0,4,5,6,3,8,9,11,7,12,13,10,14,15
1337,1,2,3,4,5,6,7,8,10,13,11,12,9,0,14,15
1338,1,2,3,4,5,6,7,8,9,10,12,15,13,0,14,11
1339,1,2,3,4,5,6,15,7,9,10,0,8,13,14,12,11
1340,1,2,3,4,5,6,7,8,9,10,15,11,13,0,14,12
1341,2,6,3,4,1,0,7,8,5,9,11,12,13,10,14,15
1342,1,2,3,4,5,6,7,8,0,9,10,12,13,14,11,15
1343,1,2,3,4,5,7,10,8,9,6,11,12,13,14,15,0
1344,1,2,3,4,5,6,7,8,9,10,0,12,13,14,11,15
1345,1,2,0,4,5,6,3,8,9,10,7,12,13,14,11,15
1346,1,2,3,4,9,5,7,8,0,6,10,12,13,14,11,15
1347,1,2,3,4,5,0,7,8,9,6,10,11,13,14,15,12
1348,1,2,3,4,5,6,7,8,9,10,0,12,13,14,11,15
1349,1,2,3,4,5,0,7,8,9,6,12,15,13,10,14,11
1350,1,2,3,4,5,6,7,8,9,10,0,11,13,14,15,12
1351,1,2,3,4,5,6,7,8,9,14,10,11,13,0,15,12
1352,1,2,3,4,5,6,7,8,9,10,11,12,13,0,14,15
1353,1,2,3,4,5,6,7,8,10,13,11,12,9,0,14,15
1354,1,2,3,4,5,0,6,8,9,10,7,11,13,14,15,12
1355,1,2,0,4,5,7,3,8,9,6,11,12,13,10,14,15
1356,1,2,3,4,5,6,7,8,9,10,11,12,13,0,14,15
1357,1,2,3,4,5,6,7,0,9,10,15,8,13,14,12,11
1358,1,2,3,4,5,0,6,8,9,10,7,12,13,14,11,15
1359,1,2,3,4,5,6,7,8,9,10,11,12,13,14,15,0
1360,1,2,3,4,5,6,7,8,9,14,10,12,13,0,11,15
1361,1,2,3,4,5,0,7,8,9,6,10,11,13,14,15,12
1362,1,2,3,4,5,6,11,7,9,10,8,12,13,0,14,15
1363,1,2,3,4,5,0,7,8,13,6,11,12,10,9,14,15
1364,1,2,3,4,5,6,7,8,13,9,11,12,10,0,14,15
1365,1,2,3,4,5,0,7,8,9,6,10,12,13,14,11,15
1366,1,2,3,4,5,6,7,8,9,10,0,12,13,14,11,15
1367,1,2,3,4,5,6,7,8,9,10,15,11,13,14,12,0
1368,1,2,3,4,5,6,7,8,9,10,0,15,13,14,12,11
1369,1,2,3,4,5,6,7,0,9,14,10,8,13,11,15,12
1370,1,2,3,4,5,0,7,8,9,6,10,12,13,14,11,15
1371,1,2,3,4,5,6,7,8,10,13,15,11,9,0,14,12
1372,1,2,3,4,5,6,7,8,9,10,0,11,13,14,15,12
1373,1,2,3,4,5,6,7,8,9,14,10,12,13,0,11,15
1374,1,2,3,4,5,0,6,8,9,10,7,12,13,14,11,15
1375,5,1,0,4,2,7,3,8,9,6,10,12,13,14,11,15
1376,1,2,3,4,5,6,7,8,9,10,12,15,13,0,14,11
1377,1,2,3,4,5,6,7,8,9,10,12,15,13,0,14,11
1378,1,2,3,4,6,0,7,8,5,9,10,12,13,14,11,15
1379,1,2,3,4,5,6,7,8,9,10,15,11,13,14,12,0
1380,1,2,3,4,5,6,7,8,0,13,10,11,14,9,15,12
1381,1,2,0,3,5,6,7,4,9,10,11,8,13,14,15,12
1382,1,2,0,3,5,6,7,4,9,10,11,8,13,14,15,12
1383,1,2,3,4,5,0,7,8,9,6,10,11,13,14,15,12
1384,1,2,3,4,5,6,7,8,9,10,12,15,13,14,11,0
1385,1,2,3,4,5,6,8,0,9,10,7,12,13,14,11,15
1386,1,2,3,4,5,6,7,8,9,10,15,11,13,14,12,0
1387,0,2,3,4,1,5,6,8,9,10,7,11,13,14,15,12
1388,1,2,3,4,5,6,7,8,9,10,0,12,13,14,11,15
1389,1,2,3,4,5,6,7,8,9,10,11,12,13,14,15,0
1390,2,3,0,4,1,5,7,8,9,6,10,11,13,14,15,12
1391,1,2,3,4,5,6,7,8,0,10,15,11,9,13,14,12
1392,1,2,3,4,5,6,7,8,9,10,11,12,13,14,15,0
1393,1,2,3,4,5,6,7,8,9,10,0,11,13,14,15,12
1394,0,1,2,4,5,6,3,8,9,10,7,11,13,14,15,12
1395,1,2,3,4,5,6,7,8,9,10,0,12,13,14,11,15
1396,1,2,3,4,5,6,7,8,9,14,10,11,13,0,15,12
1397,1,2,0,3,5,6,8,4,9,10,7,11,13,14,15,12
1398,1,2,3,4,5,6,7,8,9,10,11,12,13,14,15,0
1399,0,1,3,4,5,2,7,8,9,6,11,12,13,10,14,15
1400,1,2,3,4,5,6,7,8,9,10,0,11,13,14,15,12
1401,1,2,3,4,5,6,7,8,9,10,11,12,13,0,14,15
1402,1,2,0,4,5,6,3,8,9,10,7,12,13,14,11,15
1403,1,2,3,4,5,6,7,8,9,10,0,11,13,14,15,12
1404,1,2,3,4,5,6,7,8,9,10,0,11,13,14,15,12
1405,1,2,3,4,5,6,7,8,9,10,11,12,13,14,15,0
1406,1,2,3,4,5,6,7,8,9,14,10,11,13,0,15,12
1407,1,2,3,4,5,6,7,8,9,10,11,12,13,14,15,0
1408,1,2,3,4,5,6,11,7,9,10,0,8,13,14,15,12
1409,1,2,3,4,5,6,7,8,0,10,15,11,9,13,14,12
1410,1,6,2,3,5,0,7,4,9,10,11,8,13,14,15,12
1411,1,2,3,4,5,6,7,8,9,14,10,11,13,15,12,0
1412,1,2,3,4,5,6,7,8,9,10,11,12,13,0,14,15
1413,1,2,3,4,5,6,8,0,9,10,7,11,13,14,15,12
1414,1,2,3,4,5,6,7,8,9,10,0,11,13,14,15,12
1415,1,3,0,4,5,2,7,8,9,6,11,12,13,10,14,15
1416,0,1,2,3,5,6,7,4,9,10,11,8,13,14,15,12
1417,1,2,3,4,5,6,7,8,9,14,10,12,13,0,11,15
1418,1,2,3,4,5,6,7,8,9,10,11,12,13,0,14,15
1419,1,2,3,4,5,6,7,8,9,10,15,11,13,0,14,12
1420,1,2,3,4,5,6,7,8,9,10,0,11,13,14,15,12
1421,1,2,3,4,5,6,7,8,0,10,11,12,9,13,14,15
1422,1,2,3,4,5,6,7,8,9,10,11,12,13,0,14,15
1423,1,2,3,4,5,0,7,8,9,6,11,12,13,10,14,15
1424,1,2,3,4,5,6,7,8,0,9,10,12,13,14,11,15
1425,1,2,3,4,5,6,7,8,0,9,10,11,13,14,15,12
1426,1,2,0,4,5,6,3,7,9,10,11,8,13,14,15,12
1427,1,2,3,4,5,6,7,0,9,10,11,8,13,14,15,12
1428,1,2,3,4,5,6,7,8,9,10,15,11,13,0,14,12
1429,1,2,7,3,5,6,4,0,9,10,11,8,13,14,15,12
1430,1,2,3,4,5,6,7,8,9,10,0,12,13,14,11,15
1431,1,2,3,4,5,6,7,8,9,10,0,11,13,14,15,12
1432,1,2,3,4,5,6,7,8,9,10,11,12,13,0,14,15
1433,1,2,3,4,5,10,6,7,0,9,11,8,13,14,15,12
1434,1,2,3,4,5,6,7,8,0,9,11,12,13,10,14,15
1435,1,2,3,4,5,0,6,8,9,11,7,12,13,10,14,15
1436,1,2,3,4,5,10,6,8,9,14,7,12,13,0,11,15
1437,1,2,3,4,5,6,7,0,9,10,11,8,13,14,15,12
1438,1,2,3,4,9,5,7,8,0,6,15,11,13,10,14,12
1439,0,1,2,4,5,6,3,8,9,10,7,11,13,14,15,12
1440,1,2,3,4,5,6,7,8,9,14,10,11,13,0,15,12
1441,1,2,3,4,5,6,7,8,9,10,11,12,13,14,15,0
1442,1,2,3,4,5,7,8,0,9,6,11,12,13,10,14,15
1443,1,2,3,4,5,0,7,8,9,6,11,12,13,10,14,15
1444,1,2,4,8,5,0,6,3,9,10,7,11,13,14,15,12
1445,1,2,3,4,5,6,7,8,9,10,0,12,13,14,11,15
1446,1,2,3,4,5,6,7,8,9,10,12,15,13,14,11,0
1447,1,2,3,4,5,6,11,7,9,10,15,8,13,14,12,0
1448,1,2,3,4,5,6,7,8,0,9,10,12,13,14,11,15
1449,1,2,3,4,5,6,7,8,9,10,15,11,13,0,14,12
1450,1,2,0,4,5,6,3,7,9,10,11,8,13,14,15,12
1451,1,2,3,4,5,6,7,0,9,10,11,8,13,14,15,12
1452,1,2,3,4,5,6,8,11,9,10,7,12,13,14,15,0
1453,1,2,3,4,5,0,6,8,9,10,7,11,13,14,15,12
1454,1,2,3,4,5,6,7,0,9,10,11,8,13,14,15,12
1455,1,2,3,4,5,6,7,8,9,10,11,12,13,14,15,0
1456,1,2,3,4,5,6,7,8,10,13,11,12,9,0,14,15
1457,1,2,3,4,5,0,7,8,9,6,11,12,13,10,14,15
1458,1,2,3,4,5,6,7,8,0,9,11,12,13,10,14,15
1459,1,2,0,4,5,6,3,8,9,10,7,11,13,14,15,12
1460,1,2,3,4,5,6,7,8,9,14,10,11,13,0,15,12
1461,2,5,3,4,1,0,6,8,9,10,7,12,13,14,11,15
1462,1,2,3,4,5,6,7,0,9,10,11,8,13,14,15,12
1463,1,2,3,4,5,6,8,0,9,10,7,12,13,14,11,15
1464,1,2,3,4,5,6,7,8,9,10,0,12,13,14,11,15
1465,1,2,3,4,5,0,6,8,9,10,7,11,13,14,15,12
1466,0,2,3,4,1,5,6,7,9,10,11,8,13,14,15,12
1467,1,2,3,4,5,0,6,12,9,10,8,7,13,14,11,15
1468,1,2,3,4,5,6,7,8,9,10,0,15,13,14,12,11
1469,1,2,3,4,5,6,7,8,0,9,11,12,13,10,14,15
1470,1,2,3,4,9,5,6,8,0,11,7,12,13,10,14,15
1471,1,2,3,4,5,6,7,8,9,10,11,12,13,0,14,15
1472,1,2,3,4,5,6,7,8,9,10,11,12,13,0,14,15
1473,1,2,0,4,5,6,3,8,9,10,7,12,13,14,11,15
1474,1,2,3,4,5,6,7,8,9,10,0,11,13,14,15,12
1475,1,2,3,4,5,6,7,8,9,10,11,12,13,0,14,15
1476,1,2,3,4,5,0,6,8,9,10,7,12,13,14,11,15
1477,1,2,0,4,5,6,3,7,9,10,11,8,13,14,15,12
1478,0,1,3,4,5,2,6,8,9,10,7,11,13,14,15,12
1479,1,2,3,4,5,6,7,8,0,10,11,12,9,13,14,15
1480,0,1,2,3,5,6,7,4,9,10,11,8,13,14,15,12
1481,1,2,3,4,5,6,7,8,9,10,0,11,13,14,15,12
1482,1,2,3,4,6,0,7,8,5,9,11,12,13,10,14,15
1483,1,2,3,4,5,6,7,8,9,10,0,11,13,14,15,12
1484,1,2,3,4,5,6,7,8,9,10,11,12,13,0,14,15
1485,1,2,3,4,5,0,7,8,9,6,11,12,13,10,14,15
1486,1,2,3,4,9,5,6,8,13,11,7,12,10,0,14,15
1487,1,2,3,4,5,6,8,0,9,10,7,12,13,14,11,15
1488,0,1,3,4,5,2,7,8,9,6,10,12,13,14,11,15
1489,1,2,3,4,5,6,11,7,0,9,10,8,13,14,15,12
1490,1,2,3,4,5,10,6,8,9,7,0,12,13,14,11,15
1491,1,2,3,4,5,6,7,8,9,10,11,12,13,0,14,15
1492,1,2,4,7,5,6,3,0,9,10,11,8,13,14,15,12
1493,1,2,3,4,5,6,7,8,9,10,11,12,13,14,15,0
1494,1,6,2,3,5,0,7,4,9,10,11,8,13,14,15,12
1495,1,2,0,3,5,6,7,4,9,10,11,8,13,14,15,12
1496,1,2,3,4,5,6,7,0,9,10,11,8,13,14,15,12
1497,1,2,3,4,5,6,7,8,9,10,0,12,13,14,11,15
1498,1,2,0,3,5,6,8,4,9,10,7,11,13,14,15,12
1499,1,2,3,4,5,6,12,7,9,10,0,8,13,14,11,15
1500,1,2,3,4,5,6,7,0,9,10,11,8,13,14,15,12
1501,1,2,3,4,5,0,7,8,9,6,10,11,13,14,15,12
1502,1,2,3,4,5,6,7,8,9,10,0,11,13,14,15,12
1503,1,2,3,4,5,6,7,8,9,10,11,12,13,0,14,15
1504,1,2,3,4,5,6,7,8,9,10,11,12,13,14,15,0
1505,1,2,3,4,5,6,7,8,9,10,11,12,13,0,14,15
1506,1,2,3,4,5,6,7,8,0,9,10,12,13,14,11,15
1507,1,2,3,4,6,0,7,8,5,9,15,11,13,10,14,12
1508,1,2,3,4,5,6,8,12,9,10,7,15,13,14,11,0
1509,1,2,3,4,5,6,7,0,9,10,12,8,13,14,11,15
1510,1,3,6,4,5,2,11,7,9,10,0,8,13,14,15,12
1511,1,2,3,4,5,0,6,7,9,11,12,8,13,10,14,15
1512,1,2,3,4,5,6,7,8,0,14,10,12,9,13,11,15
1513,1,2,3,4,5,6,8,0,9,10,7,12,13,14,11,15
1514,1,2,3,4,5,6,7,0,9,14,10,8,13,15,12,11
1515,1,2,3,4,5,6,7,8,9,10,11,12,13,0,14,15
1516,1,2,3,4,5,0,6,8,9,10,7,12,13,14,11,15
1517,1,2,0,3,5,6,7,4,9,10,12,8,13,14,11,15
1518,1,2,0,4,5,6,3,8,9,11,7,12,13,10,14,15
1519,1,2,3,4,5,6,7,8,0,9,11,12,13,10,14,15
1520,1,2,3,4,5,6,7,8,0,9,10,11,13,14,15,12
1521,1,2,3,4,5,6,7,8,9,10,0,12,13,14,11,15
1522,1,2,3,4,5,6,7,8,9,10,0,12,13,14,11,15
1523,1,2,3,4,5,6,7,8,10,13,11,12,9,0,14,15
1524,1,6,2,4,5,0,3,8,9,10,7,11,13,14,15,12
1525,1,2,3,4,5,6,8,0,9,10,7,11,13,14,15,12
1526,1,2,0,3,5,6,7,4,9,10,12,8,13,14,11,15
1527,1,2,3,4,5,0,6,8,9,10,7,12,13,14,11,15
1528,1,2,3,4,9,5,7,8,0,6,10,12,13,14,11,15
1529,1,2,3,4,5,6,8,0,9,10,7,12,13,14,11,15
1530,0,1,3,4,5,2,7,8,9,6,11,12,13,10,14,15
1531,1,2,3,4,5,0,6,7,9,10,11,8,13,14,15,12
1532,1,2,8,3,5,0,6,4,9,10,7,11,13,14,15,12
1533,1,2,3,4,5,6,7,8,9,11,12,15,13,10,14,0
1534,1,2,3,4,5,6,7,8,9,10,0,12,13,14,11,15
1535,1,2,3,4,5,6,7,8,0,9,11,12,13,10,14,15
1536,1,2,3,4,5,6,7,8,0,14,10,11,9,13,15,12
1537,1,3,0,4,5,2,6,8,9,10,7,12,13,14,11,15
1538,1,2,3,4,5,6,7,8,0,9,11,12,13,10,14,15
1539,1,2,3,4,5,6,7,8,9,10,0,12,13,14,11,15
1540,1,2,3,4,5,6,7,8,0,9,15,11,13,10,14,12
1541,1,2,3,4,5,6,7,8,9,10,0,11,13,14,15,12
1542,1,6,2,4,5,0,3,8,9,10,7,11,13,14,15,12
1543,1,2,3,4,5,0,6,8,9,10,7,11,13,14,15,12
1544,0,1,3,4,5,2,7,8,9,6,11,12,13,10,14,15
1545,1,2,3,4,5,6,11,0,9,10,8,7,13,14,15,12
1546,1,2,3,4,5,0,6,7,9,11,12,8,13,10,14,15
1547,1,2,3,4,5,6,7,8,9,10,11,12,13,0,14,15
1548,1,2,3,4,5,6,7,8,0,10,15,11,9,13,14,12
1549,1,2,3,4,5,6,7,8,9,10,0,11,13,14,15,12
1550,1,2,0,4,5,6,3,7,9,10,11,8,13,14,15,12
1551,1,2,3,4,5,6,11,7,9,10,0,8,13,14,15,12
1552,1,2,3,4,6,0,7,8,5,10,11,12,9,13,14,15
1553,1,2,3,4,5,6,7,8,9,10,11,12,13,14,15,0
1554,0,1,3,4,5,2,7,8,9,6,10,12,13,14,11,15
1555,1,2,3,4,5,0,7,8,10,6,11,12,9,13,14,15
1556,1,6,2,3,5,7,4,0,9,10,11,8,13,14,15,12
1557,0,1,2,4,5,6,3,8,9,10,7,12,13,14,11,15
1558,1,2,3,4,5,6,7,8,9,10,12,15,13,14,11,0
1559,1,2,3,4,5,6,7,0,9,10,11,8,13,14,15,12
1560,1,2,3,4,5,6,7,8,9,14,10,12,13,0,11,15
1561,0,1,2,4,5,6,3,8,9,10,7,12,13,14,11,15
1562,0,2,3,4,1,5,6,7,9,10,11,8,13,14,15,12
1563,1,2,3,4,5,6,7,8,0,9,10,11,13,14,15,12
1564,1,2,3,4,5,6,7,8,9,10,12,15,13,14,11,0
1565,1,2,3,4,5,6,7,8,9,10,0,12,13,14,11,15
1566,1,2,0,4,5,6,3,8,9,10,7,12,13,14,11,15
1567,1,6,0,2,5,7,4,3,9,10,11,8,13,14,15,12
1568,1,6,2,3,5,0,7,4,9,10,11,8,13,14,15,12
1569,1,2,3,4,5,0,7,8,13,6,10,12,14,9,11,15
1570,0,2,3,4,1,6,7,8,5,10,11,12,9,13,14,15
1571,1,2,3,4,5,6,7,8,0,9,10,11,13,14,15,12
1572,1,2,3,4,5,6,7,8,9,10,0,12,13,14,11,15
1573,1,2,3,4,5,7,8,0,9,6,10,12,13,14,11,15
1574,0,1,3,4,5,2,7,8,9,6,10,11,13,14,15,12
1575,1,2,3,4,5,6,7,8,0,9,15,11,13,10,14,12
1576,1,2,3,4,9,5,7,8,0,6,11,12,13,10,14,15
1577,1,2,3,4,5,0,6,8,9,10,7,12,13,14,11,15
1578,1,2,0,3,5,6,7,4,9,10,11,8,13,14,15,12
1579,1,2,3,4,5,6,7,8,0,9,10,11,13,14,15,12
1580,1,2,3,4,5,6,7,8,13,9,10,12,14,0,11,15
1581,1,6,2,3,5,0,7,4,9,10,11,8,13,14,15,12
1582,0,1,2,4,5,6,3,8,9,10,7,11,13,14,15,12
1583,1,3,4,8,5,2,10,7,9,6,0,12,13,14,11,15
1584,1,2,3,4,5,0,6,8,9,10,7,11,13,14,15,12
1585,1,2,3,4,5,6,7,8,9,10,0,12,13,14,11,15
1586,1,2,3,4,5,6,7,8,0,9,10,11,13,14,15,12
1587,1,2,3,4,5,6,7,8,9,10,0,15,13,14,12,11
1588,1,2,3,4,5,0,7,8,9,6,10,11,13,14,15,12
1589,1,2,3,4,5,6,7,8,9,10,0,12,13,14,11,15
1590,1,2,3,4,5,6,7,8,9,10,11,12,13,0,14,15
1591,1,2,3,4,5,0,7,8,9,6,10,11,13,14,15,12
1592,1,2,3,4,5,6,7,8,9,10,11,12,13,14,15,0
1593,1,2,3,4,5,6,7,0,9,11,14,8,13,10,15,12
1594,1,2,3,4,5,6,7,8,9,11,14,12,13,0,10,15
1595,1,2,3,4,5,0,6,8,9,10,7,12,13,14,11,15
1596,1,2,3,4,5,6,7,0,9,10,11,8,13,14,15,12
1597,0,1,3,4,5,2,6,8,9,10,7,11,13,14,15,12
1598,1,2,0,4,5,6,3,8,9,11,7,12,13,10,14,15
1599,1,2,3,4,5,6,7,8,9,10,11,12,13,0,14,15
1600,1,2,0,4,5,6,3,7,9,10,11,8,13,14,15,12
1601,1,2,0,3,5,6,7,4,9,10,11,8,13,14,15,12
1602,1,2,3,4,5,6,7,8,9,14,10,12,13,11,15,0
1603,1,2,3,4,5,6,11,7,0,10,15,8,9,13,14,12
1604,1,2,0,4,5,6,3,7,9,11,12,8,13,10,14,15
1605,1,2,3,4,5,6,7,8,9,10,11,12,13,14,15,0
1606,0,1,2,4,5,6,3,7,9,10,11,8,13,14,15,12
1607,1,2,3,4,5,6,7,8,10,13,15,11,9,0,14,12
1608,1,2,3,4,5,6,7,8,0,9,10,11,13,14,15,12
1609,1,2,3,4,5,6,7,8,14,10,0,11,9,13,15,12
1610,1,2,0,3,5,6,7,4,9,10,12,8,13,14,11,15
1611,1,2,3,4,5,6,7,8,9,10,11,12,13,0,14,15
1612,1,2,3,4,5,6,7,8,9,14,10,11,13,0,15,12
1613,1,2,3,4,5,6,7,8,9,10,0,12,13,14,11,15
1614,1,2,3,4,5,6,7,8,9,10,0,12,13,14,11,15
1615,0,2,3,4,1,5,7,8,9,6,10,11,13,14,15,12
1616,1,2,3,4,5,6,7,0,9,10,11,8,13,14,15,12
1617,1,2,3,4,5,6,7,8,9,11,0,12,13,10,14,15
1618,1,2,3,4,5,6,7,8,10,11,14,12,9,0,13,15
1619,1,2,3,4,5,6,7,8,0,9,10,11,13,14,15,12
1620,0,1,3,4,5,2,6,8,9,10,7,11,13,14,15,12
1621,1,2,3,4,5,6,7,0,9,10,12,8,13,14,11,15
1622,0,1,2,4,5,6,3,8,9,10,7,12,13,14,11,15
1623,1,2,3,4,5,6,7,8,9,10,11,12,13,0,14,15
1624,1,2,7,3,5,6,11,4,9,10,0,15,13,14,12,8
1625,1,2,3,4,5,6,7,8,9,10,0,11,13,14,15,12
1626,1,2,3,4,5,6,7,8,9,10,15,11,13,0,14,12
1627,1,2,3,4,5,6,7,8,0,9,10,11,13,14,15,12
1628,1,2,0,4,6,7,3,8,5,9,10,11,13,14,15,12
1629,1,6,2,3,5,0,7,4,9,10,11,8,13,14,15,12
1630,1,2,3,4,5,6,7,8,9,10,0,12,13,14,11,15
1631,1,2,3,4,5,0,7,8,9,6,10,12,13,14,11,15
1632,1,2,4,7,5,6,3,8,9,10,11,12,13,14,15,0
1633,1,2,3,4,5,6,7,8,9,14,10,12,13,0,11,15
1634,1,2,3,4,5,6,8,11,9,10,0,7,13,14,15,12
1635,1,2,3,4,9,5,7,8,0,6,11,12,13,10,14,15
1636,1,2,3,4,5,6,7,8,0,9,14,12,13,11,10,15
1637,1,2,3,4,5,6,11,7,9,10,0,8,13,14,15,12
1638,1,2,0,4,5,6,3,8,9,10,7,12,13,14,11,15
1639,1,2,3,4,9,5,7,8,0,6,11,12,13,10,14,15
1640,1,2,3,4,5,6,7,8,9,10,0,12,13,14,11,15
1641,1,2,0,3,5,6,7,4,9,10,12,8,13,14,11,15
1642,1,3,7,4,5,2,11,8,9,6,0,12,13,10,14,15
1643,1,2,3,4,5,6,8,0,9,10,7,11,13,14,15,12
1644,1,6,2,4,5,0,3,8,9,10,7,12,13,14,11,15
1645,1,3,4,8,6,2,7,0,5,9,10,11,13,14,15,12
1646,1,2,0,3,5,6,7,4,9,10,11,8,13,14,15,12
1647,1,2,3,4,5,6,8,12,9,10,0,7,13,14,11,15
1648,1,2,3,4,5,6,7,8,9,10,0,11,13,14,15,12
1649,1,2,3,4,5,6,7,8,9,10,0,12,13,14,11,15
1650,1,2,0,4,5,7,3,8,9,6,11,12,13,10,14,15
1651,1,2,0,3,5,6,7,4,9,10,11,8,13,14,15,12
1652,1,2,3,4,5,0,7,8,9,6,11,12,13,10,14,15
1653,1,2,3,4,5,0,6,7,9,10,12,8,13,14,11,15
1654,1,2,3,4,5,6,7,8,0,9,10,11,13,14,15,12
1655,1,2,3,4,5,6,7,0,9,10,11,8,13,14,15,12
1656,1,2,3,4,5,0,6,8,9,10,7,12,13,14,11,15
1657,0,2,3,4,1,6,7,8,5,9,10,11,13,14,15,12
1658,1,2,3,4,5,6,7,8,9,10,0,12,13,14,11,15
1659,1,2,3,4,5,6,7,8,10,13,11,12,9,0,14,15
1660,1,2,3,4,5,6,7,8,9,10,0,12,13,14,11,15
1661,5,1,2,3,6,0,7,4,9,10,11,8,13,14,15,12
1662,1,2,3,4,5,0,7,8,9,6,11,12,13,10,14,15
1663,1,6,2,3,5,0,7,4,9,10,11,8,13,14,15,12
1664,1,2,3,4,5,6,7,8,9,10,11,12,13,0,14,15
1665,1,2,3,4,5,6,7,8,9,10,0,11,13,14,15,12
1666,1,2,3,4,5,6,7,8,9,11,0,12,13,10,14,15
1667,0,1,3,4,5,2,6,7,9,10,11,8,13,14,15,12
1668,1,2,3,4,5,6,7,8,9,10,11,12,13,0,14,15
1669,1,2,3,4,5,6,7,8,9,10,15,11,13,0,14,12
1670,1,2,3,4,5,6,7,8,9,10,12,15,13,0,14,11
1671,1,2,3,4,5,6,7,0,9,10,11,8,13,14,15,12
1672,0,1,2,4,5,6,3,8,9,10,7,12,13,14,11,15
1673,1,2,3,4,5,0,6,8,9,10,7,11,13,14,15,12
1674,1,6,2,3,5,0,7,4,9,10,12,8,13,14,11,15
1675,1,2,4,7,5,6,3,0,9,10,11,8,13,14,15,12
1676,1,2,3,4,6,0,7,8,5,9,11,12,13,10,14,15
1677,1,2,3,4,5,6,7,8,9,10,11,12,13,0,14,15
1678,1,2,3,4,5,0,6,8,9,10,7,12,13,14,11,15
1679,1,2,3,4,5,6,11,7,9,10,0,8,13,14,15,12
1680,1,2,3,4,5,6,7,8,9,10,0,12,13,14,11,15
1681,1,2,7,3,5,10,6,4,9,11,0,8,13,14,15,12
1682,1,2,7,3,5,6,4,8,9,10,0,11,13,14,15,12
1683,0,1,3,4,5,2,6,7,9,10,11,8,13,14,15,12
1684,1,2,3,4,5,6,7,0,9,10,11,8,13,14,15,12
1685,1,2,3,4,5,6,7,0,9,10,11,8,13,14,15,12
1686,1,2,3,4,5,6,11,7,9,10,0,8,13,14,15,12
1687,1,2,3,4,5,6,7,0,9,10,11,8,13,14,15,12
1688,1,2,3,4,5,6,7,8,9,10,11,12,13,0,14,15
1689,1,2,3,4,5,6,7,8,9,10,11,12,13,0,14,15
1690,1,2,3,4,5,10,6,8,9,14,7,12,13,0,11,15
1691,1,2,7,3,5,6,4,0,9,10,11,8,13,14,15,12
1692,1,2,3,4,5,6,7,8,0,10,11,12,9,13,14,15
1693,1,2,3,4,5,6,7,8,9,10,0,12,13,14,11,15
1694,1,2,3,4,5,6,7,8,9,10,0,12,13,14,11,15
1695,5,1,3,4,9,2,7,8,0,6,10,11,13,14,15,12
1696,1,6,2,4,5,0,3,7,9,10,12,8,13,14,11,15
1697,1,2,3,4,5,6,7,0,9,10,11,8,13,14,15,12
1698,1,2,3,4,5,0,6,8,9,10,7,12,13,14,11,15
1699,1,2,3,4,5,6,7,8,9,10,15,11,13,0,14,12
1700,1,2,3,4,5,6,7,8,9,10,0,12,13,14,11,15
1701,1,2,3,4,5,6,8,0,9,10,7,11,13,14,15,12
1702,1,2,8,3,5,0,6,4,9,10,7,11,13,14,15,12
1703,1,2,3,4,5,6,7,0,9,10,12,8,13,14,11,15
1704,1,2,3,4,5,6,7,8,9,10,15,11,13,14,12,0
1705,1,2,3,4,5,6,7,8,9,11,0,12,13,10,14,15
1706,0,2,3,4,1,5,7,8,10,6,11,12,9,13,14,15
1707,0,1,2,3,5,6,7,4,9,10,11,8,13,14,15,12
1708,1,2,3,4,5,6,7,8,9,14,10,11,13,0,15,12
1709,1,2,3,4,5,0,6,7,9,10,11,8,13,14,15,12
1710,1,2,3,4,5,6,7,8,9,10,11,12,13,14,15,0
1711,1,2,0,4,5,6,3,8,9,11,7,12,13,10,14,15
1712,1,2,3,4,5,6,7,8,9,14,0,12,13,11,10,15
1713,1,2,3,4,5,6,7,8,9,10,0,12,13,14,11,15
1714,1,2,3,4,5,6,7,0,9,10,15,8,13,14,12,11
1715,1,2,4,8,5,6,3,0,9,10,7,11,13,14,15,12
1716,1,2,3,4,5,6,7,8,9,14,10,11,13,0,15,12
1717,1,2,3,4,5,6,7,8,13,9,11,12,10,0,14,15
1718,1,2,0,4,5,6,3,7,9,10,11,8,13,14,15,12
1719,1,2,0,4,5,6,3,7,9,10,11,8,13,14,15,12
1720,1,2,3,4,5,6,8,12,9,14,10,7,13,0,11,15
1721,0,1,2,4,5,6,3,7,9,10,11,8,13,14,15,12
1722,1,2,3,4,5,6,7,8,9,14,10,12,13,0,11,15
1723,1,2,0,3,5,6,7,4,9,10,11,8,13,14,15,12
1724,1,2,3,4,5,6,7,8,9,10,15,11,13,14,12,0
1725,1,2,3,4,5,0,6,7,9,10,11,8,13,14,15,12
1726,1,2,3,4,5,6,7,8,9,10,11,12,13,14,15,0
1727,1,2,3,4,5,6,15,7,9,10,0,8,13,14,12,11
1728,1,3,0,4,5,2,7,8,9,6,11,12,13,10,14,15
1729,1,2,3,4,9,5,6,8,10,14,7,12,13,11,15,0
1730,1,2,3,4,5,0,6,7,9,10,11,8,13,14,15,12
1731,1,3,4,8,5,2,6,0,9,10,7,11,13,14,15,12
1732,1,2,3,4,5,6,15,7,9,10,0,8,13,14,12,11
1733,1,6,2,4,5,0,3,7,9,10,11,8,13,14,15,12
1734,1,2,3,4,5,6,7,8,9,10,11,12,13,14,15,0
1735,1,2,3,4,5,6,7,8,9,14,10,12,13,0,11,15
1736,1,2,3,4,6,9,7,8,0,5,11,12,13,10,14,15
1737,1,2,3,4,9,5,6,8,0,10,7,11,13,14,15,12
1738,1,2,3,4,5,0,7,8,9,6,11,12,13,10,14,15
1739,6,2,0,4,1,5,3,8,9,10,7,12,13,14,11,15
1740,1,2,3,4,6,0,7,8,5,9,10,12,13,14,11,15
1741,1,2,0,3,5,6,7,4,9,10,12,8,13,14,11,15
1742,1,2,3,4,5,6,7,8,10,13,11,12,9,0,14,15
1743,1,2,3,4,5,6,7,8,9,10,11,12,13,0,14,15
1744,1,2,3,4,5,6,7,8,0,10,11,12,9,13,14,15
1745,1,2,3,4,5,6,7,8,9,11,14,12,13,10,15,0
1746,1,2,3,4,5,6,7,8,9,10,12,15,13,14,11,0
1747,1,2,3,4,5,6,7,8,9,10,11,12,13,0,14,15
1748,1,2,3,4,5,6,7,8,9,10,0,12,13,14,11,15
1749,1,2,3,4,5,6,8,12,9,10,7,15,13,0,14,11
1750,1,2,3,4,5,6,7,8,0,13,10,12,14,9,11,15
1751,1,2,3,4,5,6,7,8,9,10,0,11,13,14,15,12
1752,1,2,3,4,5,6,7,8,9,11,0,12,13,10,14,15
1753,1,2,3,4,5,6,7,8,9,10,11,12,13,14,15,0
1754,0,1,3,4,5,2,7,8,9,6,11,12,13,10,14,15
1755,1,2,3,4,5,10,6,8,0,14,7,11,9,13,15,12
1756,1,2,3,4,5,6,7,8,9,10,11,12,13,0,14,15
1757,2,6,3,4,1,0,7,8,5,9,11,12,13,10,14,15
1758,1,2,3,4,5,0,7,8,9,6,10,12,13,14,11,15
1759,1,2,3,4,5,6,7,8,9,10,11,12,13,14,15,0
1760,0,2,3,4,1,5,7,8,9,6,11,12,13,10,14,15
1761,1,2,3,4,9,5,7,8,6,14,10,12,13,0,11,15
1762,1,2,3,4,5,6,7,8,9,10,11,12,13,0,14,15
1763,1,2,3,4,5,6,11,7,9,10,0,8,13,14,15,12
1764,1,2,3,4,5,0,7,8,9,6,11,12,13,10,14,15
1765,1,2,3,4,5,0,7,8,9,6,10,11,13,14,15,12
1766,1,2,3,4,5,6,7,8,0,10,15,11,9,13,14,12
1767,0,2,3,4,1,6,7,8,5,10,11,12,9,13,14,15
1768,1,2,3,4,5,6,7,0,9,10,11,8,13,14,15,12
1769,1,2,0,4,5,6,3,7,9,10,12,8,13,14,11,15
1770,1,2,3,4,5,6,7,8,9,10,11,12,13,0,14,15
1771,1,2,0,4,5,7,3,8,9,6,11,12,13,10,14,15
1772,1,2,0,3,5,6,7,4,9,10,12,8,13,14,11,15
1773,1,2,3,4,5,6,7,8,9,10,12,15,13,0,14,11
1774,1,2,3,4,5,7,8,0,9,6,10,11,13,14,15,12
1775,1,2,3,4,5,6,7,8,0,9,10,12,13,14,11,15
1776,1,3,0,4,5,2,6,8,9,10,7,12,13,14,11,15
1777,1,2,0,4,5,6,3,8,9,10,7,11,13,14,15,12
1778,1,2,3,4,5,6,7,0,9,10,11,8,13,14,15,12
1779,1,2,3,4,5,6,7,8,9,14,10,12,13,0,11,15
1780,1,2,3,4,5,6,7,8,10,11,0,12,9,13,14,15
1781,1,2,3,4,5,6,7,8,9,10,0,11,13,14,15,12
1782,1,2,7,3,5,6,4,8,9,10,0,11,13,14,15,12
1783,1,2,3,4,5,6,7,0,9,10,11,8,13,14,15,12
1784,1,2,4,8,5,6,3,0,9,10,7,11,13,14,15,12
1785,1,2,3,4,5,6,11,7,9,10,15,8,13,0,14,12
1786,1,2,3,4,5,6,12,7,9,10,8,15,13,14,11,0
1787,1,2,3,4,5,0,7,8,9,6,10,11,13,14,15,12
1788,1,2,3,4,5,6,7,0,9,10,11,8,13,14,15,12
1789,1,2,3,4,5,6,7,8,9,10,0,11,13,14,15,12
1790,0,1,3,4,5,2,7,8,9,6,10,11,13,14,15,12
1791,1,2,0,3,5,6,7,4,9,10,11,8,13,14,15,12
1792,1,2,3,4,5,6,7,8,9,10,11,12,13,14,15,0
1793,1,2,3,4,5,10,6,8,9,7,0,12,13,14,11,15
1794,1,2,3,4,5,6,7,0,9,10,11,8,13,14,15,12
1795,1,2,3,4,5,6,7,8,0,9,10,11,13,14,15,12
1796,1,2,3,4,5,6,7,8,9,10,11,12,13,0,14,15
1797,0,1,2,3,5,6,8,4,9,10,7,12,13,14,11,15
1798,1,2,3,4,5,0,7,8,9,6,10,12,13,14,11,15
1799,1,2,3,4,5,6,7,8,9,10,12,15,13,14,11,0
1800,0,1,2,4,5,6,3,7,9,10,11,8,13,14,15,12
1801,1,2,3,4,5,6,7,8,9,10,0,12,13,14,11,15
1802,1,2,3,4,5,6,7,8,0,9,10,12,13,14,11,15
1803,1,2,3,4,5,6,7,8,9,10,12,15,13,14,11,0
1804,1,2,3,4,5,6,7,8,0,10,11,12,9,13,14,15
1805,1,2,3,4,5,6,7,8,9,10,12,15,13,14,11,0
1806,1,2,3,4,5,0,6,7,9,10,15,8,13,14,12,11
1807,1,2,3,4,5,6,7,8,0,9,10,12,13,14,11,15
1808,1,2,3,4,5,0,6,7,9,10,12,8,13,14,11,15
1809,1,2,3,4,5,6,7,8,9,10,11,12,13,14,15,0
1810,1,2,3,4,5,6,7,8,9,10,11,12,13,0,14,15
1811,1,3,0,4,5,2,7,8,9,6,10,12,13,14,11,15
1812,1,3,6,4,5,0,2,8,9,10,7,12,13,14,11,15
1813,1,2,7,3,5,0,6,4,9,10,11,8,13,14,15,12
1814,0,1,3,4,5,2,6,7,9,10,11,8,13,14,15,12
1815,1,2,3,4,5,6,7,8,9,10,15,11,13,0,14,12
1816,1,2,3,4,5,6,7,8,9,10,0,11,13,14,15,12
1817,1,2,3,4,5,6,7,8,9,10,11,12,13,0,14,15
1818,1,2,3,4,5,6,7,8,9,10,11,12,13,0,14,15
1819,1,2,3,4,5,6,7,8,0,9,10,12,13,14,11,15
1820,0,1,2,4,5,6,3,7,9,10,11,8,13,14,15,12
1821,1,2,3,4,5,6,7,8,0,9,10,11,13,14,15,12
1822,1,2,3,4,5,6,7,0,9,10,11,8,13,14,15,12
1823,2,5,3,4,1,0,7,8,9,6,10,12,13,14,11,15
1824,1,2,3,4,9,5,7,8,0,6,11,12,13,10,14,15
1825,1,2,7,3,5,6,4,0,9,10,11,8,13,14,15,12
1826,1,6,2,4,5,3,7,8,0,9,10,12,13,14,11,15
1827,1,2,3,4,5,6,7,8,9,10,11,12,13,0,14,15
1828,1,2,3,4,5,6,7,8,9,10,11,12,13,0,14,15
1829,1,2,4,12,5,6,3,0,9,10,8,7,13,14,11,15
1830,1,2,0,3,5,6,7,4,9,10,11,8,13,14,15,12
1831,1,2,3,4,5,6,7,8,9,10,15,11,13,0,14,12
1832,1,2,3,4,5,6,11,7,0,9,10,8,13,14,15,12
1833,1,2,0,3,5,6,7,4,9,10,11,8,13,14,15,12
1834,1,2,0,4,5,10,3,7,9,11,6,8,13,14,15,12
1835,1,2,3,4,5,6,7,8,9,11,0,12,13,10,14,15
1836,1,2,3,4,9,5,7,8,13,6,11,12,10,0,14,15
1837,1,2,3,4,5,6,8,12,9,10,0,7,13,14,11,15
1838,1,2,0,4,5,6,3,7,9,10,11,8,13,14,15,12
1839,1,2,3,4,5,0,7,8,9,6,11,12,13,10,14,15
1840,1,2,3,4,5,7,8,0,9,6,11,12,13,10,14,15
1841,1,2,3,4,5,6,7,8,9,10,0,11,13,14,15,12
1842,1,2,3,4,5,0,7,8,9,6,11,12,13,10,14,15
1843,1,2,3,4,5,6,7,8,14,13,10,12,9,0,11,15
1844,0,2,3,4,1,6,7,8,5,10,11,12,9,13,14,15
1845,1,2,3,4,5,6,8,12,0,9,10,7,13,14,11,15
1846,1,2,3,4,5,10,6,8,0,13,7,11,14,9,15,12
1847,0,2,3,4,1,6,7,8,5,9,10,11,13,14,15,12
1848,1,2,3,4,5,6,11,7,9,10,0,8,13,14,15,12
1849,1,2,0,4,5,6,3,7,9,10,11,8,13,14,15,12
1850,1,2,0,4,5,6,3,8,9,10,7,12,13,14,11,15
1851,0,2,3,4,1,6,7,8,5,9,10,11,13,14,15,12
1852,1,2,3,4,5,6,7,8,9,10,0,11,13,14,15,12
1853,1,2,3,4,5,6,7,8,9,10,11,12,13,14,15,0
1854,1,2,3,4,5,7,11,8,9,6,0,12,13,10,14,15
1855,1,2,3,4,5,6,11,0,9,10,8,7,13,14,15,12
1856,1,2,4,8,5,6,3,0,9,10,7,11,13,14,15,12
1857,1,6,2,3,5,10,7,4,9,14,11,8,13,0,15,12
1858,1,2,3,4,5,0,7,8,14,6,10,11,9,13,15,12
1859,1,2,3,4,5,6,7,0,9,10,11,8,13,14,15,12
1860,1,2,3,4,5,6,11,7,9,14,10,8,13,0,15,12
1861,1,2,3,4,9,5,6,8,11,7,0,12,13,10,14,15
1862,1,2,0,4,5,6,3,8,9,10,7,12,13,14,11,15
1863,1,3,0,4,5,2,6,8,9,10,7,12,13,14,11,15
1864,1,2,3,4,5,6,7,8,9,11,0,12,13,10,14,15
1865,1,2,3,4,5,0,7,8,9,6,10,12,13,14,11,15
1866,1,2,3,4,5,6,7,8,13,9,11,12,10,0,14,15
1867,0,2,3,4,1,6,7,8,5,10,11,12,9,13,14,15
1868,1,3,4,8,5,2,7,0,9,6,10,11,13,14,15,12
1869,1,2,3,4,9,5,6,7,13,10,11,8,14,0,15,12
1870,1,2,3,4,5,0,7,8,9,6,11,12,13,10,14,15
1871,1,2,3,4,5,6,7,8,0,10,11,12,9,13,14,15
1872,1,2,3,4,5,6,7,8,9,11,14,12,13,10,15,0
1873,1,2,3,4,5,6,7,8,9,14,10,12,13,0,11,15
1874,0,2,3,4,1,5,6,8,9,10,7,12,13,14,11,15
1875,1,2,3,4,5,6,7,8,9,10,11,12,13,14,15,0
1876,1,2,3,4,5,6,7,0,9,10,11,8,13,14,15,12
1877,1,2,3,4,5,6,11,7,9,14,10,8,13,0,15,12
1878,1,2,3,4,5,7,8,0,10,6,11,12,9,13,14,15
1879,1,2,0,3,5,6,7,4,9,10,11,8,13,14,15,12
1880,1,2,3,4,5,6,7,8,9,10,0,11,13,14,15,12
1881,1,2,3,4,5,6,7,8,0,14,10,11,9,13,15,12
1882,1,2,3,4,9,5,6,8,0,10,7,11,13,14,15,12
1883,1,2,7,3,5,0,6,4,9,10,11,8,13,14,15,12
1884,1,2,3,4,5,6,7,8,13,9,11,12,10,0,14,15
1885,0,2,3,4,1,6,7,8,5,9,10,12,13,14,11,15
1886,1,2,3,4,5,6,7,8,13,9,10,12,14,0,11,15
1887,1,2,3,4,5,6,7,8,9,14,10,11,13,15,12,0
1888,1,2,7,3,5,0,6,4,9,10,11,8,13,14,15,12
1889,1,2,0,4,5,6,3,8,9,10,7,12,13,14,11,15
1890,1,2,0,4,5,6,3,8,9,10,7,12,13,14,11,15
1891,1,2,3,4,5,6,7,8,0,10,11,12,9,13,14,15
1892,1,2,3,4,5,0,8,11,9,6,10,7,13,14,15,12
1893,1,2,3,4,5,6,11,7,9,10,15,8,13,0,14,12
1894,1,2,0,3,5,6,7,4,9,10,11,8,13,14,15,12
1895,1,2,3,4,5,7,10,8,9,6,0,12,13,14,11,15
1896,1,2,3,4,5,6,7,8,9,10,0,12,13,14,11,15
1897,1,2,3,4,5,6,7,0,9,10,11,8,13,14,15,12
1898,1,2,3,4,5,0,6,8,9,10,7,12,13,14,11,15
1899,1,2,3,4,5,6,7,8,9,10,0,11,13,14,15,12
1900,1,2,3,4,5,6,7,8,9,11,0,12,13,10,14,15
1901,1,2,3,4,5,6,7,8,9,14,0,12,13,11,10,15
1902,2,3,0,4,1,5,6,7,9,10,11,8,13,14,15,12
1903,1,2,3,4,5,6,7,0,9,10,11,8,13,14,15,12
1904,1,2,3,4,5,6,7,0,9,10,12,8,13,14,11,15
1905,1,2,3,4,5,6,7,8,9,10,12,15,13,14,11,0
1906,1,2,3,4,5,6,7,8,0,9,10,11,13,14,15,12
1907,1,2,0,4,5,7,3,8,9,6,10,11,13,14,15,12
1908,1,2,3,4,5,6,7,8,9,12,0,15,13,10,14,11
1909,1,2,3,4,5,6,7,8,9,10,15,11,13,14,12,0
1910,1,3,4,7,5,2,6,0,9,10,11,8,13,14,15,12
1911,1,2,3,4,5,6,7,8,9,10,0,12,13,14,11,15
1912,1,2,0,3,5,6,8,4,9,10,7,12,13,14,11,15
1913,1,2,3,4,5,6,7,0,9,10,11,8,13,14,15,12
1914,1,2,3,4,5,6,7,0,9,10,11,8,13,14,15,12
1915,1,2,3,4,5,10,6,8,9,14,7,11,13,0,15,12
1916,0,1,2,4,5,6,3,8,9,10,7,12,13,14,11,15
1917,1,2,3,4,5,6,7,8,9,10,0,12,13,14,11,15
1918,1,2,3,4,5,6,7,8,9,10,0,12,13,14,11,15
1919,1,2,3,4,5,6,7,8,9,10,0,11,13,14,15,12
1920,1,2,3,4,5,0,7,8,9,6,10,11,13,14,15,12
1921,1,3,0,4,5,2,6,8,9,10,7,12,13,14,11,15
1922,1,2,3,4,5,10,6,7,9,14,11,8,13,0,15,12
1923,1,2,3,4,5,6,7,8,9,11,0,12,13,10,14,15
1924,1,2,3,4,5,6,7,8,9,10,0,11,13,14,15,12
1925,1,7,0,4,5,3,2,8,9,6,10,12,13,14,11,15
1926,1,2,3,4,5,6,7,8,9,11,0,12,13,10,14,15
1927,1,2,3,4,5,6,7,8,9,10,15,11,13,0,14,12
1928,1,2,3,4,5,0,6,8,9,11,7,12,13,10,14,15
1929,1,2,3,4,5,6,7,8,9,10,0,12,13,14,11,15
1930,1,2,8,3,5,6,4,0,9,10,7,11,13,14,15,12
1931,1,6,2,3,5,0,7,4,9,10,11,8,13,14,15,12
1932,1,2,3,4,5,6,7,8,10,11,14,12,9,13,15,0
1933,1,6,2,4,5,3,7,8,9,10,0,11,13,14,15,12
1934,1,2,0,4,5,6,3,8,9,10,7,12,13,14,11,15
1935,1,2,3,4,5,6,7,8,9,10,12,15,13,14,11,0
1936,1,3,0,4,5,2,6,7,9,10,11,8,13,14,15,12
1937,1,2,3,4,5,6,7,0,9,10,11,8,13,14,15,12
1938,1,2,0,4,5,6,3,7,9,10,11,8,13,14,15,12
1939,1,2,3,4,6,0,7,8,5,14,10,11,9,13,15,12
1940,1,2,3,4,5,6,7,8,9,10,0,11,13,14,15,12
1941,1,3,0,4,5,2,6,7,9,10,11,8,13,14,15,12
1942,0,6,3,4,2,1,7,8,5,9,10,11,13,14,15,12
1943,1,2,0,4,5,6,3,8,9,10,7,12,13,14,11,15
1944,1,2,3,4,5,6,7,8,9,10,0,12,13,14,11,15
1945,1,2,3,4,5,6,7,0,9,10,11,8,13,14,15,12
1946,1,2,3,4,6,0,7,8,5,9,11,12,13,10,14,15
1947,1,6,2,3,5,0,8,4,9,11,7,12,13,10,14,15
1948,1,2,3,4,5,0,6,8,9,10,7,12,13,14,11,15
1949,1,2,3,4,5,6,7,8,9,10,0,11,13,14,15,12
1950,1,2,3,4,5,6,11,7,9,10,15,8,13,0,14,12
1951,1,2,3,4,5,0,6,8,9,11,7,12,13,10,14,15
1952,1,2,3,4,5,6,7,8,9,11,0,12,13,10,14,15
1953,1,2,3,4,5,6,7,8,9,10,11,12,13,0,14,15
1954,1,6,2,4,5,0,3,8,9,10,7,12,13,14,11,15
1955,1,2,3,4,5,6,7,0,9,10,11,8,13,14,15,12
1956,1,2,3,4,5,6,7,8,9,10,0,11,13,14,15,12
1957,1,2,3,4,5,6,7,0,9,10,15,8,13,14,12,11
1958,1,2,3,4,9,5,7,8,0,6,15,11,13,10,14,12
1959,1,2,3,4,5,6,7,8,9,10,0,11,13,14,15,12
1960,1,3,4,8,5,2,7,0,9,6,11,12,13,10,14,15
1961,1,2,0,4,5,7,3,8,9,6,11,12,13,10,14,15
1962,1,2,3,4,5,6,7,8,9,10,11,12,13,0,14,15
1963,1,2,3,4,5,6,7,8,9,14,10,12,13,11,15,0
1964,1,2,3,4,5,0,6,8,9,10,7,12,13,14,11,15
1965,1,2,3,4,5,10,6,8,9,14,7,12,13,11,15,0
1966,1,2,3,4,9,5,6,7,0,10,11,8,13,14,15,12
1967,1,2,3,4,5,6,7,8,9,10,0,11,13,14,15,12
1968,1,2,0,4,5,6,3,8,9,10,7,15,13,14,12,11
1969,1,2,3,4,5,6,7,0,9,14,10,8,13,15,12,11
1970,1,2,3,4,5,0,6,8,9,10,7,12,13,14,11,15
1971,1,2,3,4,5,0,7,8,9,6,10,12,13,14,11,15
1972,1,2,0,3,5,6,7,4,9,10,11,8,13,14,15,12
1973,1,2,3,4,5,6,8,11,9,10,0,7,13,14,15,12
1974,1,2,3,4,5,0,10,8,9,7,6,11,13,14,15,12
1975,1,2,3,4,5,6,7,8,9,10,0,15,13,14,12,11
1976,1,6,2,4,5,0,3,8,9,10,7,11,13,14,15,12
1977,0,1,2,4,5,6,3,7,9,10,11,8,13,14,15,12
1978,1,2,3,4,5,6,7,8,9,10,11,12,13,14,15,0
1979,1,7,0,3,5,2,6,4,9,10,11,8,13,14,15,12
1980,1,2,3,4,5,0,7,8,9,6,10,12,13,14,11,15
1981,1,2,3,4,5,6,7,8,13,9,11,12,10,0,14,15
1982,1,2,3,4,5,6,7,8,9,10,15,11,13,0,14,12
1983,1,6,2,4,5,0,3,7,9,10,11,8,13,14,15,12
1984,1,2,0,3,5,6,7,4,9,10,11,8,13,14,15,12
1985,1,2,3,4,5,6,7,8,9,14,10,11,13,15,12,0
1986,1,2,3,4,5,6,7,8,10,11,0,12,9,13,14,15
1987,1,2,3,4,5,6,7,8,13,9,11,12,10,0,14,15
1988,1,2,0,4,5,6,3,8,9,10,7,11,13,14,15,12
1989,0,1,3,4,5,2,7,8,9,6,10,11,13,14,15,12
1990,1,2,3,4,5,6,7,8,9,10,11,12,13,0,14,15
1991,1,2,3,4,5,7,8,0,9,6,10,11,13,14,15,12
1992,1,2,3,4,5,0,7,8,9,6,11,12,13,10,14,15
1993,1,2,0,4,5,6,3,8,9,10,7,12,13,14,11,15
1994,1,2,3,4,5,6,7,0,9,10,12,8,13,14,11,15
1995,1,2,0,4,5,6,3,8,9,10,7,12,13,14,11,15
1996,1,2,3,4,5,6,7,8,13,9,10,12,14,11,15,0
1997,1,2,0,4,5,6,3,8,9,10,7,11,13,14,15,12
1998,1,2,3,4,5,7,10,8,9,6,0,11,13,14,15,12
1999,1,2,0,4,5,7,3,8,9,6,11,12,13,10,14,15
2000,1,2,3,4,5,0,7,8,9,6,11,12,13,10,14,15
2001,1,6,2,3,9,5,7,4,13,10,11,8,14,15,0,12
2002,1,2,4,7,5,3,0,8,9,6,10,11,13,14,15,12
2003,1,6,2,4,5,3,0,7,9,10,12,8,13,14,11,15
2004,5,0,3,4,2,1,7,8,9,6,10,12,13,14,11,15
2005,1,2,3,4,5,6,0,8,14,13,7,12,9,11,10,15
2006,1,2,3,0,5,6,7,4,9,10,11,8,13,14,15,12
2007,1,2,11,3,5,6,8,4,9,0,15,7,13,10,14,12
2008,1,2,3,4,6,10,0,8,5,11,7,12,9,13,14,15
2009,1,2,3,4,5,6,7,8,9,14,10,11,0,13,15,12
2010,1,2,3,4,5,6,7,8,14,0,10,12,9,13,11,15
2011,1,2,3,4,5,6,7,8,9,0,15,14,13,10,12,11
2012,1,2,3,4,5,6,0,12,9,10,8,15,13,14,7,11
2013,1,2,3,0,5,6,7,4,9,10,11,8,13,14,15,12
2014,1,2,3,4,5,10,6,8,9,14,7,0,13,15,12,11
2015,1,2,8,3,5,6,7,4,9,0,10,11,13,14,15,12
2016,1,2,3,4,0,6,7,8,5,14,10,11,9,13,15,12
2017,1,2,3,4,0,6,7,8,5,9,10,11,13,14,15,12
2018,1,2,3,0,5,6,8,4,9,10,7,12,13,14,11,15
2019,1,2,3,4,5,10,6,7,9,0,12,8,13,14,11,15
2020,1,2,3,4,5,7,11,8,9,6,14,12,13,10,0,15
2021,1,2,3,4,5,6,11,7,9,10,15,8,13,14,0,12
2022,1,3,4,7,5,2,0,6,9,10,11,8,13,14,15,12
2023,1,2,3,4,0,5,12,7,9,6,10,8,13,14,11,15
2024,2,3,7,4,1,6,0,8,5,10,11,12,9,13,14,15
2025,1,2,3,4,5,6,7,8,9,14,10,12,13,11,0,15
2026,1,2,3,4,5,6,7,8,13,9,10,11,0,14,15,12
2027,1,2,3,4,5,6,8,11,9,0,15,7,13,10,14,12
2028,2,3,11,4,1,6,0,7,5,9,15,8,13,10,14,12
2029,1,2,3,4,5,7,0,8,13,6,10,11,14,9,15,12
2030,1,6,2,4,5,3,0,8,9,11,7,12,13,10,14,15
2031,1,2,3,4,5,7,10,8,9,0,6,11,13,14,15,12
2032,5,1,2,4,9,6,3,7,10,14,11,8,13,15,0,12
2033,9,5,3,4,0,1,7,8,13,2,10,12,14,6,11,15
2034,1,2,3,4,0,10,6,8,5,14,7,12,9,13,11,15
2035,1,2,3,4,9,5,6,12,10,0,11,7,13,14,15,8
2036,1,2,3,4,5,6,8,12,9,11,7,0,13,10,14,15
2037,1,2,3,4,5,6,7,8,9,10,15,11,13,14,0,12
2038,1,2,3,4,5,13,6,8,14,7,10,12,9,11,0,15
2039,2,5,3,4,1,10,6,8,9,0,7,11,13,14,15,12
2040,1,2,3,4,5,6,7,8,9,11,14,12,13,10,0,15
2041,1,2,3,4,5,6,7,8,13,10,15,0,14,9,12,11
2042,5,1,3,4,0,2,6,7,9,10,11,8,13,14,15,12
2043,1,2,3,4,5,7,11,8,13,9,10,12,0,14,6,15
2044,1,2,3,4,5,6,7,8,9,10,15,11,13,14,0,12
2045,1,2,3,0,5,6,7,8,9,10,4,11,13,14,15,12
2046,1,0,3,4,5,10,6,7,2,9,11,8,13,14,15,12
2047,1,2,3,4,5,10,6,8,9,0,7,11,13,14,15,12
2048,1,2,3,4,5,6,7,8,9,10,15,11,13,14,0,12
2049,1,6,2,4,5,10,3,7,13,9,11,8,0,14,15,12
2050,1,2,4,8,5,10,0,3,9,7,6,12,13,14,11,15
2051,1,2,3,4,5,10,6,7,9,11,8,0,13,14,15,12
2052,1,2,3,4,5,6,7,8,13,9,11,12,0,10,14,15
2053,1,2,3,4,5,6,0,8,13,9,7,11,14,15,10,12
2054,1,6,2,4,9,5,3,7,13,10,15,8,0,14,12,11
2055,1,2,3,4,5,10,0,6,9,12,8,7,13,14,11,15
2056,1,2,3,0,5,6,8,4,9,15,7,11,13,10,14,12
2057,1,2,3,4,5,6,7,8,9,10,12,0,13,14,11,15
2058,1,2,4,8,0,5,3,12,9,6,10,7,13,14,11,15
2059,1,2,3,4,5,7,0,8,9,6,15,11,13,10,14,12
2060,5,1,2,3,6,10,8,4,13,9,7,11,14,15,0,12
2061,1,2,3,4,9,5,0,8,13,6,7,11,10,14,15,12
2062,5,1,3,4,2,6,12,7,9,0,10,8,13,14,11,15
2063,1,2,7,3,5,6,4,8,9,10,11,12,13,14,0,15
2064,1,0,2,3,5,6,15,4,9,14,8,7,13,12,10,11
2065,5,1,2,4,0,6,3,7,9,10,11,8,13,14,15,12
2066,1,2,8,3,5,6,0,4,9,10,7,11,13,14,15,12
